dataset,architecture,window_size,hidden_size,learning_rate,weight_decay,cv_best_epochs,median_cv_best_epoch,final_epochs,cv_mean_val_rmse,cv_std_val_rmse
ds1,elman,12,64,0.001,0.0001,"6, 3, 5, 3",4.0,4,0.08196670713573018,0.00601923484016016
ds1,jordan,12,32,0.01,0.0001,"5, 5, 2, 5",5.0,5,0.08891382518564017,0.012282052006949607
ds1,multi,288,32,0.001,0.0,"16, 14, 5, 7",10.5,11,0.08355295726987558,0.02592263450052569
ds2,elman,336,64,0.001,1e-05,"53, 16, 74, 14",34.5,35,2249.3079148490147,1380.262875421648
ds2,jordan,24,64,0.001,0.0,"45, 32, 75, 28",38.5,39,1688.2965166758577,1093.867561854019
ds2,multi,168,32,0.001,0.0001,"38, 8, 75, 9",23.5,24,2647.0572152958,2384.2235864668733
ds3,elman,360,32,0.0001,0.0,"74, 73, 70, 58",71.5,72,1.4180665652853062,0.059688063074718696
ds3,jordan,12,32,0.001,0.0001,"13, 12, 14, 12",12.5,13,1.9597979239493597,0.03535212339528548
ds3,multi,1095,32,0.001,0.0,"17, 11, 31, 16",16.5,17,1.4898828669841535,0.03769112901441895
ds4,elman,730,64,0.001,0.0001,"23, 16, 70, 34",28.5,29,0.8247154901527716,0.14514837684369775
ds4,jordan,730,32,0.001,0.0,"71, 58, 60, 75",65.5,66,0.8330919803277078,0.17168273488349214
ds4,multi,730,64,0.001,0.0,"15, 49, 45, 51",47.0,47,0.7087876244030316,0.18450280602729088
ds5,elman,168,64,0.001,0.0,"7, 14, 18, 14",14.0,14,0.705851613749511,0.1008081634101343
ds5,jordan,6,64,0.001,0.0,"41, 24, 24, 46",32.5,33,0.7110284254420667,0.09962684682217815
ds5,multi,168,64,0.001,0.0,"7, 9, 11, 22",10.0,10,0.703482788109298,0.09817508071351473
