epoch,train_scaled_mse,val_scaled_mse,best_val_scaled_mse,improved,epochs_without_improvement
1,0.17804920236767866,0.2023850650837024,0.2023850650837024,True,0
2,0.03554661426160986,0.01857501495629549,0.01857501495629549,True,0
3,0.013676468034740749,0.008706860455373923,0.008706860455373923,True,0
4,0.006463771399344128,0.0035662029031664133,0.0035662029031664133,True,0
5,0.0017997102816595535,0.001410902931044499,0.001410902931044499,True,0
6,0.0030531969826489824,0.0021369104304661355,0.001410902931044499,False,1
7,0.002399747599172544,0.001362211440379421,0.001410902931044499,False,2
8,0.007419555532935927,0.004369654227048159,0.001410902931044499,False,3
9,0.006155300775647137,0.0033582049328833817,0.001410902931044499,False,4
10,0.0013288508410873735,0.0011639204962799947,0.0011639204962799947,True,0
11,0.0007241582750178734,0.0010074633235732714,0.0010074633235732714,True,0
12,0.0006310805667452022,0.0010057274686793487,0.0010074633235732714,False,1
13,0.0005722817955896831,0.0009120733616873621,0.0010074633235732714,False,2
14,0.0006273582814934057,0.0009503563586622477,0.0010074633235732714,False,3
15,0.0005683616090067406,0.0009122309057662885,0.0010074633235732714,False,4
16,0.0007695035230184824,0.0009213594673201441,0.0010074633235732714,False,5
17,0.0008423516986650849,0.001067191610733668,0.0010074633235732714,False,6
18,0.0016298267677481233,0.0012095627700909972,0.0010074633235732714,False,7
19,0.003699418774864886,0.0018388539738953113,0.0010074633235732714,False,8
