run_id,dataset,architecture,fold,seed,window_size,hidden_size,learning_rate,weight_decay,batch_size,max_epochs,epochs_trained,best_epoch,train_mse,train_rmse,train_mae,train_mase,val_mse,val_rmse,val_mae,val_mase,val_pearson_r,val_r2,val_mean_error,val_median_absolute_error,generalization_gap,runtime_seconds,n_parameters,checkpoint_path,status,timestamp,best_val_scaled_mse,train_pearson_r,train_r2,train_mean_error,train_median_absolute_error,inference_seconds,inference_ms_per_sample,prediction_path,history_path,worker_runtime_seconds
ds5_persistence_fold1,ds5,persistence,1,,1,,,,,,0,0,,,,,0.3489050442204514,0.5906818468688972,0.4137020298128766,0.8234813207738955,0.8529828273417133,0.7064393333963372,-0.0005748493498255,0.2966666666666666,,0.0,0,,completed,2026-09-24 22:20:30,,,,,,,,,,
ds5_persistence_fold2,ds5,persistence,2,,1,,,,,,0,0,,,,,0.5943763690664976,0.7709580851554108,0.520754836663495,1.0890001793987862,0.9128188191592872,0.8255325904512064,0.0018109736758642,0.3383333333333335,,0.0,0,,completed,2026-09-24 22:20:30,,,,,,,,,,
ds5_persistence_fold3,ds5,persistence,3,,1,,,,,,0,0,,,,,0.5282066967823744,0.7267782996088796,0.5093739102868916,1.0452650223662556,0.8708966686395389,0.7417896710196052,-0.0001632588365826,0.3416666666666668,,0.0,0,,completed,2026-09-24 22:20:30,,,,,,,,,,
ds5_persistence_fold4,ds5,persistence,4,,1,,,,,,0,0,,,,,0.6605311045119115,0.812730646962394,0.5206241709838076,1.0598813865472636,0.853039911451673,0.706097677312981,0.0003661436043747,0.3633333333333333,,0.0,0,,completed,2026-09-24 22:20:30,,,,,,,,,,
ds5_elman_w6_h32_lr0p001_wd0_fold3_seed42,ds5,elman,3,42.0,6,32.0,0.001,0.0,128.0,75.0,10,2,0.493388079233198,0.7024158876571615,0.4867191561165268,0.9987761432808484,0.5118359949859911,0.7154271416335776,0.5076565508382184,1.0417409004466285,0.8670779902404434,0.7497923945632201,-0.0009849186573944,0.3495874404907226,0.0130112539764161,1.507865575957112,1121,models/ds5/ds5_elman_w6_h32_lr0p001_wd0_fold3_seed42.pt,completed,2026-09-25 01:46:39,0.235960018050937,0.8791206227735346,0.7726377412900456,-0.0070375107906634,0.3337945938110351,0.0036767299752682,0.0017483261889054,predictions/ds5/ds5_elman_w6_h32_lr0p001_wd0_fold3_seed42.npz,histories/ds5/ds5_elman_w6_h32_lr0p001_wd0_fold3_seed42.csv,2.69198405201314
ds5_elman_w6_h32_lr0p001_wd0_fold1_seed42,ds5,elman,1,42.0,6,32.0,0.001,0.0,128.0,75.0,19,11,0.4836581617485279,0.6954553628727927,0.4917511466784137,0.9788394897215792,0.3245142425859982,0.5696615158021456,0.4052806958825559,0.8067185043314543,0.8527404642138932,0.7269612015326877,0.0154886689217855,0.2974950075149536,-0.1257938470706471,3.522039417002816,1121,models/ds5/ds5_elman_w6_h32_lr0p001_wd0_fold1_seed42.pt,completed,2026-09-25 01:46:41,0.1698424913676776,0.8655972453332246,0.7470352295062862,-0.0563494882200445,0.3431699872016907,0.0036980981240049,0.0017593235604209,predictions/ds5/ds5_elman_w6_h32_lr0p001_wd0_fold1_seed42.npz,histories/ds5/ds5_elman_w6_h32_lr0p001_wd0_fold1_seed42.csv,4.72504889999982
ds5_elman_w24_h32_lr0p001_wd0_fold1_seed42,ds5,elman,1,42.0,24,32.0,0.001,0.0,128.0,75.0,13,5,0.4793127056936923,0.692324133404067,0.4895942840726518,0.97454621596577,0.3268964259936603,0.5717485688601768,0.4093339801061505,0.8147866393788638,0.8519506301009824,0.7249568873609162,0.0271067686811387,0.2973511815071106,-0.1205755645438901,2.2491538940230384,1121,models/ds5/ds5_elman_w24_h32_lr0p001_wd0_fold1_seed42.pt,completed,2026-09-25 01:46:42,0.171089265825179,0.8670817834458713,0.7497407164874237,-0.0410080310137457,0.3479671478271484,0.0122713090386241,0.0058379205702303,predictions/ds5/ds5_elman_w24_h32_lr0p001_wd0_fold1_seed42.npz,histories/ds5/ds5_elman_w24_h32_lr0p001_wd0_fold1_seed42.csv,2.347054806014057
ds5_elman_w6_h32_lr0p001_wd0_fold2_seed42,ds5,elman,2,42.0,6,32.0,0.001,0.0,128.0,75.0,58,50,0.4309883395106375,0.6564970217073628,0.4626032932490009,0.9673939325582572,0.6263858615306207,0.7914454254909941,0.531901431469323,1.112309888476104,0.9084781812214004,0.8161368432846255,-0.1388562318827287,0.3407622575759887,0.1349484037836312,8.181129514996428,1121,models/ds5/ds5_elman_w6_h32_lr0p001_wd0_fold2_seed42.pt,completed,2026-09-25 01:46:46,0.3577938946398182,0.8687627370383937,0.7539316058094069,-0.037806925495641,0.3235623240470886,0.014032200037036,0.0066756422630999,predictions/ds5/ds5_elman_w6_h32_lr0p001_wd0_fold2_seed42.npz,histories/ds5/ds5_elman_w6_h32_lr0p001_wd0_fold2_seed42.csv,9.181950637954287
ds5_elman_w24_h32_lr0p001_wd0_fold2_seed42,ds5,elman,2,42.0,24,32.0,0.001,0.0,128.0,75.0,34,26,0.417077039841183,0.6458150198324463,0.4576714092527188,0.9570803988594896,0.6343284232040117,0.7964473762930051,0.5463223848934972,1.1424669216140897,0.9069377824304268,0.813805461701223,-0.092784631575549,0.3698359131813049,0.1506323564605588,7.305299305997323,1121,models/ds5/ds5_elman_w24_h32_lr0p001_wd0_fold2_seed42.pt,completed,2026-09-25 01:46:49,0.362330705749773,0.8729931041261119,0.7621006739743861,0.005250690567934,0.3279358744621277,0.0123167820274829,0.0058595537714,predictions/ds5/ds5_elman_w24_h32_lr0p001_wd0_fold2_seed42.npz,histories/ds5/ds5_elman_w24_h32_lr0p001_wd0_fold2_seed42.csv,7.427567151025869
ds5_elman_w24_h32_lr0p001_wd0_fold3_seed42,ds5,elman,3,42.0,24,32.0,0.001,0.0,128.0,75.0,23,15,0.4794095388605889,0.692394063276534,0.4848539291435825,0.994948588562754,0.517221392078214,0.7191810565345934,0.5136177720651703,1.0539736746686348,0.8694239503711115,0.7471597791864759,0.0466881386166915,0.3580292463302612,0.0267869932580594,8.39697314699879,1121,models/ds5/ds5_elman_w24_h32_lr0p001_wd0_fold3_seed42.pt,completed,2026-09-25 01:46:50,0.2384427238859792,0.8853423711484263,0.7793224861683076,0.0425745284486689,0.3361817598342895,0.012154474039562,0.005779588226135,predictions/ds5/ds5_elman_w24_h32_lr0p001_wd0_fold3_seed42.npz,histories/ds5/ds5_elman_w24_h32_lr0p001_wd0_fold3_seed42.csv,8.540925922978204
ds5_elman_w48_h32_lr0p001_wd0_fold2_seed42,ds5,elman,2,42.0,48,32.0,0.001,0.0,128.0,75.0,26,18,0.4133546056203835,0.6429265942705928,0.4517352466950529,0.9446667223362778,0.6280140378751665,0.7924733672970761,0.5413934832011712,1.1321596244959824,0.9085600872676904,0.8156589243838606,-0.1020442934460463,0.3615410923957824,0.1495467730264832,8.776037652976811,1121,models/ds5/ds5_elman_w48_h32_lr0p001_wd0_fold2_seed42.pt,completed,2026-09-25 01:46:59,0.3587239181053967,0.8742803394742529,0.7643017789950886,-0.0094525607074209,0.3192712068557739,0.0235207711230032,0.0111897103344449,predictions/ds5/ds5_elman_w48_h32_lr0p001_wd0_fold2_seed42.npz,histories/ds5/ds5_elman_w48_h32_lr0p001_wd0_fold2_seed42.csv,8.947115971008316
ds5_elman_w48_h32_lr0p001_wd0_fold1_seed42,ds5,elman,1,42.0,48,32.0,0.001,0.0,128.0,75.0,34,26,0.4535977824529818,0.6734966833273804,0.4764646436293891,0.9484114308442304,0.3156296688152701,0.5618092815317935,0.4024345857205559,0.8010532709354958,0.8574900882121586,0.7344364769718265,0.0058078216326792,0.3011186122894287,-0.1116874017955869,14.480533965979705,1121,models/ds5/ds5_elman_w48_h32_lr0p001_wd0_fold1_seed42.pt,completed,2026-09-25 01:47:03,0.1651925323805732,0.8761219746773657,0.7634269897051184,-0.0540082963862492,0.3413398861885071,0.0238167600473389,0.0113305233336531,predictions/ds5/ds5_elman_w48_h32_lr0p001_wd0_fold1_seed42.npz,histories/ds5/ds5_elman_w48_h32_lr0p001_wd0_fold1_seed42.csv,14.616089264978656
ds5_elman_w6_h32_lr0p001_wd0_fold4_seed42,ds5,elman,4,42.0,6,32.0,0.001,0.0,128.0,75.0,75,75,0.4734247110919522,0.6880586538166293,0.4903859969419667,0.9983228197032348,0.6218694309728336,0.788586983770867,0.5074495901905011,1.033060709105411,0.8516720642319846,0.7233001400774504,0.0158278769784692,0.3538111448287964,0.1005283299542376,27.98410685901763,1121,models/ds5/ds5_elman_w6_h32_lr0p001_wd0_fold4_seed42.pt,completed,2026-09-25 01:47:06,0.2895500656541506,0.883604469834126,0.7796414950246808,0.0279170618636327,0.3544073104858398,0.0036717682378366,0.0017459668273117,predictions/ds5/ds5_elman_w6_h32_lr0p001_wd0_fold4_seed42.npz,histories/ds5/ds5_elman_w6_h32_lr0p001_wd0_fold4_seed42.csv,29.42299783200724
ds5_elman_w48_h32_lr0p001_wd0_fold3_seed42,ds5,elman,3,42.0,48,32.0,0.001,0.0,128.0,75.0,10,2,0.4943961580133054,0.7031331012072362,0.4874095555285747,1.0001928832086342,0.5195571647741458,0.720803138709971,0.51106995630423,1.0487454078796183,0.8663027671052984,0.7460179523145505,0.0093939473841001,0.3547368049621582,0.0176700375027348,7.433406102005392,1121,models/ds5/ds5_elman_w48_h32_lr0p001_wd0_fold3_seed42.pt,completed,2026-09-25 01:47:07,0.2395195301181069,0.8796364870260956,0.7726197805696837,-0.0010534436505877,0.333096981048584,0.0237558659282512,0.0112961797091066,predictions/ds5/ds5_elman_w48_h32_lr0p001_wd0_fold3_seed42.npz,histories/ds5/ds5_elman_w48_h32_lr0p001_wd0_fold3_seed42.csv,7.917631375952624
ds5_elman_w24_h32_lr0p001_wd0_fold4_seed42,ds5,elman,4,42.0,24,32.0,0.001,0.0,128.0,75.0,42,34,0.4575784196615431,0.6764454299213967,0.4749965695900074,0.9669931801877651,0.6285646242503771,0.7928206759730583,0.4987455571882508,1.0153411273396518,0.8502604697418698,0.7203211239853544,-0.0527947145136435,0.3460897207260132,0.1163752460516616,27.567181652004365,1121,models/ds5/ds5_elman_w24_h32_lr0p001_wd0_fold4_seed42.pt,completed,2026-09-25 01:47:15,0.2926674437874337,0.8879882941572921,0.7872104592764757,-0.0444354299981977,0.3315050601959228,0.0506431840476579,0.0240813999275596,predictions/ds5/ds5_elman_w24_h32_lr0p001_wd0_fold4_seed42.npz,histories/ds5/ds5_elman_w24_h32_lr0p001_wd0_fold4_seed42.csv,28.25094248802634
ds5_elman_w168_h32_lr0p001_wd0_fold2_seed42,ds5,elman,2,42.0,168,32.0,0.001,0.0,128.0,75.0,24,16,0.4174884260458649,0.6461334429093304,0.4529406426597969,0.9471874409728308,0.6188267710609908,0.7866554335037614,0.5364420757647586,1.1218052634667557,0.9085608173872616,0.81835566449532,-0.0876482540828403,0.3580034971237182,0.140521990594431,29.74719105300028,1121,models/ds5/ds5_elman_w168_h32_lr0p001_wd0_fold2_seed42.pt,completed,2026-09-25 01:47:39,0.3534760965153107,0.8719671578472002,0.7602143883054178,-0.012009133568493,0.3200578093528747,0.3354215440922417,0.1595725709287543,predictions/ds5/ds5_elman_w168_h32_lr0p001_wd0_fold2_seed42.npz,histories/ds5/ds5_elman_w168_h32_lr0p001_wd0_fold2_seed42.csv,31.49224316002801
ds5_elman_w168_h32_lr0p001_wd0_fold1_seed42,ds5,elman,1,42.0,168,32.0,0.001,0.0,128.0,75.0,45,37,0.4387040442380899,0.6623473742969695,0.4710854233823834,0.9377039963273112,0.3166255916738232,0.5626949365987073,0.4080515873647666,0.8122340135943025,0.8570774974197284,0.7335985304505935,0.0318498359080386,0.3153629899024963,-0.0996524376982622,45.10134456702508,1121,models/ds5/ds5_elman_w168_h32_lr0p001_wd0_fold1_seed42.pt,completed,2026-09-25 01:47:52,0.1657137780048867,0.8787862502034639,0.7699342679215758,-0.0418463892557902,0.3373599648475647,0.0892128679552115,0.0424418972194155,predictions/ds5/ds5_elman_w168_h32_lr0p001_wd0_fold1_seed42.npz,histories/ds5/ds5_elman_w168_h32_lr0p001_wd0_fold1_seed42.csv,45.47278006601846
ds5_elman_w48_h32_lr0p001_wd0_fold4_seed42,ds5,elman,4,42.0,48,32.0,0.001,0.0,128.0,75.0,65,57,0.4475749526839436,0.6690104279336336,0.4753336286725648,0.967679361636264,0.6156769268121582,0.7846508311422082,0.4993959902243222,1.0166652722920937,0.8523720544636593,0.7260554854095858,-0.029262526115802,0.350027322769165,0.1156404032085746,48.51398448401597,1121,models/ds5/ds5_elman_w48_h32_lr0p001_wd0_fold4_seed42.pt,completed,2026-09-25 01:47:52,0.2866667544790749,0.8899824206867888,0.7920087933881599,-0.0104601521658786,0.3417508602142334,0.0298211358604021,0.0141802833382796,predictions/ds5/ds5_elman_w48_h32_lr0p001_wd0_fold4_seed42.npz,histories/ds5/ds5_elman_w48_h32_lr0p001_wd0_fold4_seed42.csv,48.79862010001671
ds5_jordan_w6_h32_lr0p001_wd0_fold1_seed42,ds5,jordan,1,42.0,6,32.0,0.001,0.0,128.0,75.0,32,24,0.4874899978735428,0.6982048394801792,0.4992479029936449,0.9937619178150044,0.3275339003912745,0.5723057752559155,0.4136144469512518,0.8233069855147704,0.8531882380893862,0.7244205311067462,0.0565136371625252,0.3116908669471741,-0.1258990642242636,5.075375653046649,129,models/ds5/ds5_jordan_w6_h32_lr0p001_wd0_fold1_seed42.pt,completed,2026-09-25 01:47:57,0.1714229075597877,0.8644675482788294,0.7450310876916839,-0.02400478842003,0.3567606806755066,0.0035839882330037,0.0017050372183652,predictions/ds5/ds5_jordan_w6_h32_lr0p001_wd0_fold1_seed42.npz,histories/ds5/ds5_jordan_w6_h32_lr0p001_wd0_fold1_seed42.csv,5.140516005048994
ds5_jordan_w6_h32_lr0p001_wd0_fold3_seed42,ds5,jordan,3,42.0,6,32.0,0.001,0.0,128.0,75.0,13,5,0.4975525686006841,0.7053740628919412,0.4876952090223484,1.0007790608662026,0.5075263795800443,0.7124088570336871,0.5050898544911935,1.0364738895919314,0.870413446394382,0.751899121252313,-0.0171534543484095,0.3442400693893432,0.0070347941417459,2.2671979449805804,129,models/ds5/ds5_jordan_w6_h32_lr0p001_wd0_fold3_seed42.pt,completed,2026-09-25 01:47:59,0.2339732552844458,0.8789116572882771,0.7707186683557403,-0.0265515427329694,0.331669270992279,0.0039988200878724,0.0019014836366488,predictions/ds5/ds5_jordan_w6_h32_lr0p001_wd0_fold3_seed42.npz,histories/ds5/ds5_jordan_w6_h32_lr0p001_wd0_fold3_seed42.csv,2.376413532998413
ds5_elman_w168_h32_lr0p001_wd0_fold3_seed42,ds5,elman,3,42.0,168,32.0,0.001,0.0,128.0,75.0,10,2,0.4930713424686792,0.7021903890460758,0.4871441660593021,0.9996482885132,0.5232717472832684,0.7233752465237309,0.5131855024590812,1.053086632183042,0.8655856796257598,0.7442021034803348,0.0110952481166895,0.3595356941223144,0.021184857477655,45.72652117803227,1121,models/ds5/ds5_elman_w168_h32_lr0p001_wd0_fold3_seed42.pt,completed,2026-09-25 01:48:02,0.2412319766075,0.8799470969413801,0.7729737493666615,8.968032511703405e-06,0.3344197273254394,0.3363035310176201,0.1599160870269235,predictions/ds5/ds5_elman_w168_h32_lr0p001_wd0_fold3_seed42.npz,histories/ds5/ds5_elman_w168_h32_lr0p001_wd0_fold3_seed42.csv,47.84937212301884
ds5_jordan_w6_h32_lr0p001_wd0_fold2_seed42,ds5,jordan,2,42.0,6,32.0,0.001,0.0,128.0,75.0,75,73,0.4398482383213341,0.6632105535358542,0.4651278459431443,0.9726732658323144,0.6225388121933821,0.7890112877477623,0.5295122968764899,1.1073137409283007,0.9095810192346208,0.8172660683815268,-0.1467825425850789,0.3405691981315613,0.125800734211908,13.455840206006542,129,models/ds5/ds5_jordan_w6_h32_lr0p001_wd0_fold2_seed42.pt,completed,2026-09-25 01:48:06,0.3555964420910226,0.8662950815969908,0.7488731369990564,-0.0519767262523312,0.323773980140686,0.0036953548551537,0.0017580184848495,predictions/ds5/ds5_jordan_w6_h32_lr0p001_wd0_fold2_seed42.npz,histories/ds5/ds5_jordan_w6_h32_lr0p001_wd0_fold2_seed42.csv,13.538226932985708
ds5_jordan_w6_h32_lr0p001_wd0_fold4_seed42,ds5,jordan,4,42.0,6,32.0,0.001,0.0,128.0,75.0,75,75,0.4781716203239072,0.691499544702603,0.4944965603210027,1.0066910627785235,0.6207288835424752,0.7878634929621218,0.5111603567388247,1.0406150498632716,0.8528897780076963,0.7238076249263543,0.0239478728343802,0.3534747362136841,0.0963639482595187,22.5354293010314,129,models/ds5/ds5_jordan_w6_h32_lr0p001_wd0_fold4_seed42.pt,completed,2026-09-25 01:48:22,0.2890190354880978,0.8829456204104924,0.7774320163111712,0.0348678754801072,0.359687328338623,0.0035376079031266,0.0016821720889808,predictions/ds5/ds5_jordan_w6_h32_lr0p001_wd0_fold4_seed42.npz,histories/ds5/ds5_jordan_w6_h32_lr0p001_wd0_fold4_seed42.csv,22.65107405500021
ds5_jordan_w24_h32_lr0p001_wd0_fold1_seed42,ds5,jordan,1,42.0,24,32.0,0.001,0.0,128.0,75.0,33,25,0.4875497891319629,0.6982476560160893,0.499529920782679,0.9943232792893498,0.3275889242358961,0.572353845305416,0.4138462462388936,0.8237683861601288,0.8532162078408204,0.7243742353130614,0.0573419722117887,0.3123415112495422,-0.1258938107106733,20.54048538801726,129,models/ds5/ds5_jordan_w24_h32_lr0p001_wd0_fold1_seed42.pt,completed,2026-09-25 01:48:23,0.1714517060741711,0.8646835186090737,0.7454399613123412,-0.0226176411223129,0.3574376106262207,0.0463681750698015,0.0220590747239778,predictions/ds5/ds5_jordan_w24_h32_lr0p001_wd0_fold1_seed42.npz,histories/ds5/ds5_jordan_w24_h32_lr0p001_wd0_fold1_seed42.csv,20.90381414903095
ds5_jordan_w24_h32_lr0p001_wd0_fold2_seed42,ds5,jordan,2,42.0,24,32.0,0.001,0.0,128.0,75.0,75,73,0.4399809639967942,0.663310608988575,0.4651188171123974,0.9726543847819412,0.6222555429636144,0.7888317583386297,0.5294011043265929,1.1070812155665366,0.9095152619424176,0.8173492164504474,-0.1454273319096932,0.3402137160301208,0.1255211493500547,19.89060524699744,129,models/ds5/ds5_jordan_w24_h32_lr0p001_wd0_fold2_seed42.pt,completed,2026-09-25 01:48:26,0.3554346248379897,0.8663728963869662,0.7490363534784976,-0.050839602148266,0.3232552409172058,0.0123515149462036,0.0058760775196021,predictions/ds5/ds5_jordan_w24_h32_lr0p001_wd0_fold2_seed42.npz,histories/ds5/ds5_jordan_w24_h32_lr0p001_wd0_fold2_seed42.csv,20.01374592300272
ds5_jordan_w24_h32_lr0p001_wd0_fold3_seed42,ds5,jordan,3,42.0,24,32.0,0.001,0.0,128.0,75.0,13,5,0.4990676904117578,0.7064472311586746,0.4889127180275682,1.0032774604737824,0.5102077371088599,0.7142882731144757,0.5066397783589601,1.039654423917678,0.8703737505760649,0.7505883575444514,-0.0159866397742481,0.3478062152862549,0.0078410419558011,13.80154538800707,129,models/ds5/ds5_jordan_w24_h32_lr0p001_wd0_fold3_seed42.pt,completed,2026-09-25 01:48:36,0.2352093747837794,0.8790060074523584,0.770273621556333,-0.0258092592032,0.3325238823890686,0.044525099103339,0.0211721821699186,predictions/ds5/ds5_jordan_w24_h32_lr0p001_wd0_fold3_seed42.npz,histories/ds5/ds5_jordan_w24_h32_lr0p001_wd0_fold3_seed42.csv,14.357498241006397
ds5_jordan_w48_h32_lr0p001_wd0_fold1_seed42,ds5,jordan,1,42.0,48,32.0,0.001,0.0,128.0,75.0,37,29,0.4842955144296741,0.6959134388914142,0.4984085915456705,0.992091253303082,0.3277033345518334,0.5724537837693393,0.4141888118266605,0.8244502691153408,0.8532430463955726,0.7242779731122198,0.0572491115212553,0.3124676346778869,-0.1234596551220749,12.37498348997906,129,models/ds5/ds5_jordan_w48_h32_lr0p001_wd0_fold1_seed42.pt,completed,2026-09-25 01:48:39,0.1715115824843678,0.8660255477022637,0.7474166493906695,-0.0235584816858896,0.3574615716934204,0.0881236999412067,0.0419237392679385,predictions/ds5/ds5_jordan_w48_h32_lr0p001_wd0_fold1_seed42.npz,histories/ds5/ds5_jordan_w48_h32_lr0p001_wd0_fold1_seed42.csv,12.814631161978468
ds5_jordan_w48_h32_lr0p001_wd0_fold3_seed42,ds5,jordan,3,42.0,48,32.0,0.001,0.0,128.0,75.0,13,5,0.4980950924250888,0.705758522743501,0.4887241552267327,1.0028905185903203,0.5116749166691665,0.7153145578479209,0.5076004053601978,1.0416256866456193,0.8703377348905518,0.7498711366218781,-0.0148380883693468,0.3496086597442627,0.0095560351044198,9.393871665000916,129,models/ds5/ds5_jordan_w48_h32_lr0p001_wd0_fold3_seed42.pt,completed,2026-09-25 01:48:48,0.2358857550283188,0.8795239291576736,0.7709185850717466,-0.0251436058406677,0.3339071869850158,0.0259920971002429,0.0123595326201821,predictions/ds5/ds5_jordan_w48_h32_lr0p001_wd0_fold3_seed42.npz,histories/ds5/ds5_jordan_w48_h32_lr0p001_wd0_fold3_seed42.csv,9.621758994995616
ds5_elman_w168_h32_lr0p001_wd0_fold4_seed42,ds5,elman,4,42.0,168,32.0,0.001,0.0,128.0,75.0,40,32,0.4507271098509438,0.6713621301882791,0.4771170313584647,0.9713099946664822,0.6143872991475994,0.783828615927997,0.4932567480343952,1.004167065548612,0.8527860242423989,0.7266293032825395,-0.0290939572080792,0.3558398485183716,0.1124664857397179,70.82710922096157,1121,models/ds5/ds5_elman_w168_h32_lr0p001_wd0_fold4_seed42.pt,completed,2026-09-25 01:48:50,0.28606630335294,0.8890752198506134,0.790337478515407,-0.0154384004760164,0.3452434539794922,0.0870093270204961,0.0413739072850671,predictions/ds5/ds5_elman_w168_h32_lr0p001_wd0_fold4_seed42.npz,histories/ds5/ds5_elman_w168_h32_lr0p001_wd0_fold4_seed42.csv,71.52815802197438
ds5_jordan_w48_h32_lr0p001_wd0_fold2_seed42,ds5,jordan,2,42.0,48,32.0,0.001,0.0,128.0,75.0,75,74,0.4373044756030489,0.6612900086974315,0.4639700062670222,0.970251996693288,0.6207690442804764,0.7878889796668541,0.5289840181876545,1.1062090069029764,0.90972207417954,0.8177855486812982,-0.145851877816624,0.3399140238761902,0.1265989709694226,41.69914883404272,129,models/ds5/ds5_jordan_w48_h32_lr0p001_wd0_fold2_seed42.pt,completed,2026-09-25 01:49:18,0.3545855287139922,0.86730136853456,0.7506453646925528,-0.0515421373181181,0.3222506940364837,0.0234661600552499,0.0111637298074452,predictions/ds5/ds5_jordan_w48_h32_lr0p001_wd0_fold2_seed42.npz,histories/ds5/ds5_jordan_w48_h32_lr0p001_wd0_fold2_seed42.csv,41.88057665200904
ds5_jordan_w168_h32_lr0p001_wd0_fold1_seed42,ds5,jordan,1,42.0,168,32.0,0.001,0.0,128.0,75.0,30,22,0.4782156311125988,0.6915313666874401,0.4955070780760753,0.9863157386282658,0.3280619664349082,0.5727669390204957,0.4141949390820613,0.8244624655272665,0.8530326905482312,0.7239762285180025,0.0590204760985188,0.311923086643219,-0.1187644276669444,28.77605197997764,129,models/ds5/ds5_jordan_w168_h32_lr0p001_wd0_fold1_seed42.pt,completed,2026-09-25 01:49:19,0.1716992848266543,0.8669673722015893,0.7492135513490823,-0.018189101106939,0.354866623878479,0.0851066509494558,0.040488416246173,predictions/ds5/ds5_jordan_w168_h32_lr0p001_wd0_fold1_seed42.npz,histories/ds5/ds5_jordan_w168_h32_lr0p001_wd0_fold1_seed42.csv,29.13990767096402
ds5_jordan_w168_h32_lr0p001_wd0_fold3_seed42,ds5,jordan,3,42.0,168,32.0,0.001,0.0,128.0,75.0,12,4,0.4984367296461527,0.706000516746378,0.487959493977033,1.001321389033175,0.5114674011106378,0.7151694911771879,0.5074849826519794,1.0413888325051714,0.8696955983053101,0.749972579215793,-0.0233794500642995,0.3472833633422851,0.0091689744308098,24.11805563501548,129,models/ds5/ds5_jordan_w168_h32_lr0p001_wd0_fold3_seed42.pt,completed,2026-09-25 01:49:44,0.2357900944200516,0.8789122064337683,0.770503348779194,-0.0343162546487201,0.3332195281982422,0.0790554989362135,0.0375917731508385,predictions/ds5/ds5_jordan_w168_h32_lr0p001_wd0_fold3_seed42.npz,histories/ds5/ds5_jordan_w168_h32_lr0p001_wd0_fold3_seed42.csv,24.73683087702375
ds5_jordan_w24_h32_lr0p001_wd0_fold4_seed42,ds5,jordan,4,42.0,24,32.0,0.001,0.0,128.0,75.0,75,74,0.4782109371506056,0.6915279727896808,0.4944496157893481,1.0065954935789474,0.6207235958286128,0.7878601372252646,0.5113657731075714,1.0410332344153168,0.8527531882659526,0.7238099776866158,0.0276969585087658,0.3531900644302368,0.0963321644355837,93.23511212301672,129,models/ds5/ds5_jordan_w24_h32_lr0p001_wd0_fold4_seed42.pt,completed,2026-09-25 01:49:57,0.2890165603790065,0.8829870927736234,0.777615636330684,0.038859555243804,0.3589851856231689,0.0448464780347421,0.0213250014430538,predictions/ds5/ds5_jordan_w24_h32_lr0p001_wd0_fold4_seed42.npz,histories/ds5/ds5_jordan_w24_h32_lr0p001_wd0_fold4_seed42.csv,93.88805462198798
ds5_jordan_w48_h32_lr0p001_wd0_fold4_seed42,ds5,jordan,4,42.0,48,32.0,0.001,0.0,128.0,75.0,75,75,0.476766192675126,0.690482579559489,0.4940064889893369,1.0056933805511856,0.62087042805192,0.7879533159089567,0.5115354511208382,1.0413786631871464,0.8527039217582126,0.7237446449116027,0.0295137555271571,0.353588342666626,0.0974707363494676,72.6240796179627,129,models/ds5/ds5_jordan_w48_h32_lr0p001_wd0_fold4_seed42.pt,completed,2026-09-25 01:50:01,0.2890849206428328,0.8835010384888771,0.7784434202772359,0.0408337503357673,0.3586560487747192,0.0234355820575729,0.0111438811495829,predictions/ds5/ds5_jordan_w48_h32_lr0p001_wd0_fold4_seed42.npz,histories/ds5/ds5_jordan_w48_h32_lr0p001_wd0_fold4_seed42.csv,72.89349989802577
ds5_multi_w6_h32_lr0p001_wd0_fold1_seed42,ds5,multi,1,42.0,6,32.0,0.001,0.0,128.0,75.0,18,10,0.485099917939125,0.6964911470644297,0.4921345901489258,0.979602740836596,0.3250396475114329,0.5701224846569664,0.4025286248930287,0.8012404575973245,0.8527659016943949,0.7265191379474155,0.0192544566915786,0.2923228740692138,-0.1263686624074633,6.968033923010808,1153,models/ds5/ds5_multi_w6_h32_lr0p001_wd0_fold1_seed42.pt,completed,2026-09-25 01:50:04,0.1701174780485405,0.8643637252151476,0.7462811565830798,-0.0392027763383729,0.343769371509552,0.0165792599436827,0.0078873739027986,predictions/ds5/ds5_multi_w6_h32_lr0p001_wd0_fold1_seed42.npz,histories/ds5/ds5_multi_w6_h32_lr0p001_wd0_fold1_seed42.csv,7.215778716024943
ds5_multi_w6_h32_lr0p001_wd0_fold3_seed42,ds5,multi,3,42.0,6,32.0,0.001,0.0,128.0,75.0,11,3,0.4900625187866512,0.7000446548518539,0.499032669653945,1.0240441924352457,0.4995682931818618,0.7068014524474762,0.5104867056671121,1.0475485434977954,0.8701142258326444,0.7557893786024291,0.0508594637080368,0.3741692304611206,0.0067567975956223,7.041369741025847,1153,models/ds5/ds5_multi_w6_h32_lr0p001_wd0_fold3_seed42.pt,completed,2026-09-25 01:50:12,0.2303045231333473,0.8813229961934981,0.7741702204204259,0.0523801262113134,0.3605209589004516,0.0158629920333623,0.0075430299730681,predictions/ds5/ds5_multi_w6_h32_lr0p001_wd0_fold3_seed42.npz,histories/ds5/ds5_multi_w6_h32_lr0p001_wd0_fold3_seed42.csv,7.424255699035712
ds5_multi_w6_h32_lr0p001_wd0_fold2_seed42,ds5,multi,2,42.0,6,32.0,0.001,0.0,128.0,75.0,51,43,0.433418505719047,0.6583452784968136,0.4646196559833818,0.9716105412671509,0.6332862766542923,0.7957928603941432,0.5359077217690044,1.120687824786844,0.9091407935068077,0.8141113631689274,-0.1483960677962661,0.3538036346435547,0.1374475818973296,14.74323717597872,1153,models/ds5/ds5_multi_w6_h32_lr0p001_wd0_fold2_seed42.pt,completed,2026-09-25 01:50:16,0.3617354271867862,0.8680287613870511,0.7525441272126574,-0.0369124423293626,0.3258342146873474,0.0044834720902144,0.0021329553236034,predictions/ds5/ds5_multi_w6_h32_lr0p001_wd0_fold2_seed42.npz,histories/ds5/ds5_multi_w6_h32_lr0p001_wd0_fold2_seed42.csv,14.831153514969628
ds5_multi_w24_h32_lr0p001_wd0_fold1_seed42,ds5,multi,1,42.0,24,32.0,0.001,0.0,128.0,75.0,26,18,0.4689923425101489,0.684830155958504,0.4920558290471316,0.97944596544886,0.3282999777989974,0.572974674657613,0.4161126533652577,0.8282797102517071,0.8511909279968585,0.7237759712462274,0.0239869932919655,0.3219818472862243,-0.111855481300891,6.534879749990068,1153,models/ds5/ds5_multi_w24_h32_lr0p001_wd0_fold1_seed42.pt,completed,2026-09-25 01:50:23,0.171823851388483,0.8700920004007044,0.75512919600241,-0.0319366628916107,0.3585586547851562,0.0159389761392958,0.0075827669549456,predictions/ds5/ds5_multi_w24_h32_lr0p001_wd0_fold1_seed42.npz,histories/ds5/ds5_multi_w24_h32_lr0p001_wd0_fold1_seed42.csv,6.644619825005066
ds5_multi_w24_h32_lr0p001_wd0_fold2_seed42,ds5,multi,2,42.0,24,32.0,0.001,0.0,128.0,75.0,42,34,0.4173781417740783,0.6460480955579687,0.4569207966824114,0.9555107212181622,0.6100877007906516,0.7810811102508187,0.5338103829339841,1.116301879219385,0.9091777840913814,0.8209208453931387,-0.0962939558711991,0.3591979742050171,0.13503301469285,21.767266486014705,1153,models/ds5/ds5_multi_w24_h32_lr0p001_wd0_fold2_seed42.pt,completed,2026-09-25 01:50:44,0.3484843144748009,0.87308354510155,0.7619289264552034,-0.0108588996155692,0.3220350742340088,0.0158905009157024,0.0075597054784502,predictions/ds5/ds5_multi_w24_h32_lr0p001_wd0_fold2_seed42.npz,histories/ds5/ds5_multi_w24_h32_lr0p001_wd0_fold2_seed42.csv,21.91006767301588
ds5_multi_w24_h32_lr0p001_wd0_fold3_seed42,ds5,multi,3,42.0,24,32.0,0.001,0.0,128.0,75.0,10,2,0.4972543774914277,0.7051626603071293,0.4932827587973576,1.012245039438325,0.5024760519973656,0.7088554521179657,0.5064135442956879,1.039190178402879,0.8686425324745753,0.7543679401386595,0.0184186060996606,0.3557881116867065,0.0036927918108364,4.116310537036043,1153,models/ds5/ds5_multi_w24_h32_lr0p001_wd0_fold3_seed42.pt,completed,2026-09-25 01:50:49,0.2316450245086771,0.8789296653927492,0.7711083095519211,0.0169735282519442,0.3464895486831665,0.0160149060538969,0.0076152667873975,predictions/ds5/ds5_multi_w24_h32_lr0p001_wd0_fold3_seed42.npz,histories/ds5/ds5_multi_w24_h32_lr0p001_wd0_fold3_seed42.csv,4.285322856972925
ds5_jordan_w168_h32_lr0p001_wd0_fold2_seed42,ds5,jordan,2,42.0,168,32.0,0.001,0.0,128.0,75.0,75,72,0.4313813386712055,0.65679626877077,0.4612326751969537,0.9645277022335812,0.619426391091153,0.7870364610938638,0.5283423774192494,1.1048672106051645,0.9096445995177912,0.8181796579179909,-0.1439761992129227,0.3395613431930542,0.1302401923230938,100.86052887397818,129,models/ds5/ds5_jordan_w168_h32_lr0p001_wd0_fold2_seed42.pt,completed,2026-09-25 01:51:00,0.3538186198524017,0.8681809795600196,0.7522349561960335,-0.0500076875762534,0.3213871717453003,0.3018246840802021,0.1435892883350152,predictions/ds5/ds5_jordan_w168_h32_lr0p001_wd0_fold2_seed42.npz,histories/ds5/ds5_jordan_w168_h32_lr0p001_wd0_fold2_seed42.csv,102.49104719702154
ds5_multi_w6_h32_lr0p001_wd0_fold4_seed42,ds5,multi,4,42.0,6,32.0,0.001,0.0,128.0,75.0,75,75,0.4751949212001177,0.6893438338014766,0.4899673484440383,0.9974705393536272,0.6279170466385681,0.7924121696683918,0.5061376515423407,1.0303898777630058,0.8507958124094523,0.7206092626613402,-0.011432378449669,0.3558311462402344,0.1030683358669152,51.308312506007496,1153,models/ds5/ds5_multi_w6_h32_lr0p001_wd0_fold4_seed42.pt,completed,2026-09-25 01:51:03,0.2923659162752638,0.8835558394626714,0.7788175396125778,-0.000772968561591,0.3532390594482422,0.0050648789620026,0.002408406543986,predictions/ds5/ds5_multi_w6_h32_lr0p001_wd0_fold4_seed42.npz,histories/ds5/ds5_multi_w6_h32_lr0p001_wd0_fold4_seed42.csv,51.44322237401502
ds5_multi_w24_h32_lr0p001_wd0_fold4_seed42,ds5,multi,4,42.0,24,32.0,0.001,0.0,128.0,75.0,58,50,0.4526663099396961,0.6728048082019747,0.474023237311817,0.9650116802458198,0.6190798850350157,0.7868162968794022,0.4967024126792033,1.0111817145504345,0.8531910365554426,0.7245413443106836,-0.057975090405967,0.347364068031311,0.1140114886774275,35.62158829398686,1153,models/ds5/ds5_multi_w24_h32_lr0p001_wd0_fold4_seed42.pt,completed,2026-09-25 01:51:25,0.2882512197344857,0.8894727525942631,0.7894947575011789,-0.0490496320633844,0.3369325399398803,0.0583442998467944,0.0277433665462646,predictions/ds5/ds5_multi_w24_h32_lr0p001_wd0_fold4_seed42.npz,histories/ds5/ds5_multi_w24_h32_lr0p001_wd0_fold4_seed42.csv,35.91841392999049
ds5_multi_w48_h32_lr0p001_wd0_fold1_seed42,ds5,multi,1,42.0,48,32.0,0.001,0.0,128.0,75.0,25,17,0.460854593440812,0.6788627206150092,0.4835570761950679,0.9625290452521816,0.3195736076598259,0.56530841817527,0.4087573055649348,0.8136387583470213,0.8552881243536872,0.7311181377988987,0.0214548627611118,0.3116207718849182,-0.1135543024397391,27.415934884978924,1153,models/ds5/ds5_multi_w48_h32_lr0p001_wd0_fold1_seed42.pt,completed,2026-09-25 01:51:28,0.1672566937447501,0.8723258213864793,0.7596422145431941,-0.0330808517014049,0.3468164205551147,0.0304908281541429,0.0145056270952154,predictions/ds5/ds5_multi_w48_h32_lr0p001_wd0_fold1_seed42.npz,histories/ds5/ds5_multi_w48_h32_lr0p001_wd0_fold1_seed42.csv,27.658900291018654
ds5_multi_w48_h32_lr0p001_wd0_fold2_seed42,ds5,multi,2,42.0,48,32.0,0.001,0.0,128.0,75.0,42,34,0.4129559099966206,0.6426164563692877,0.4551844447539929,0.9518796698511462,0.6125379879974637,0.7826480613899607,0.5364211823801899,1.1217615713146305,0.9096005020083784,0.8202016121403273,-0.0883737554105546,0.3577163219451904,0.140031605020673,29.931824768020302,1153,models/ds5/ds5_multi_w48_h32_lr0p001_wd0_fold2_seed42.pt,completed,2026-09-25 01:51:33,0.3498839338431462,0.8743784585334599,0.7645291185431802,-0.0015502555329868,0.3218767046928406,0.0337173238513059,0.0160405917465775,predictions/ds5/ds5_multi_w48_h32_lr0p001_wd0_fold2_seed42.npz,histories/ds5/ds5_multi_w48_h32_lr0p001_wd0_fold2_seed42.csv,30.1464495639666
ds5_multi_w48_h32_lr0p001_wd0_fold3_seed42,ds5,multi,3,42.0,48,32.0,0.001,0.0,128.0,75.0,10,2,0.4962149586278596,0.7044252683059145,0.4936716382290051,1.0130430427510382,0.5018313583679312,0.7084005635005743,0.5069900524939348,1.040373206906234,0.8688838623600905,0.7546830943107796,0.0206901961375121,0.3592926263809204,0.0039752951946598,10.73672866000561,1153,models/ds5/ds5_multi_w48_h32_lr0p001_wd0_fold3_seed42.pt,completed,2026-09-25 01:51:36,0.2313478068969842,0.8796225498654381,0.7717832868467164,0.0200562249121913,0.3488166332244873,0.0317913208273239,0.0151171283059077,predictions/ds5/ds5_multi_w48_h32_lr0p001_wd0_fold3_seed42.npz,histories/ds5/ds5_multi_w48_h32_lr0p001_wd0_fold3_seed42.csv,11.001687020994725
ds5_multi_w168_h32_lr0p001_wd0_fold1_seed42,ds5,multi,1,42.0,168,32.0,0.001,0.0,128.0,75.0,25,17,0.4558860592153005,0.6751933495046442,0.4816435211807018,0.9587200796270516,0.3184811066883648,0.5643413033691268,0.4082260296301656,0.8125812440567068,0.8559654639427848,0.732037342916662,0.0267417498932465,0.311808705329895,-0.1108520461355173,35.864951729017776,1153,models/ds5/ds5_multi_w168_h32_lr0p001_wd0_fold1_seed42.pt,completed,2026-09-25 01:52:10,0.166684910187145,0.8732570993650016,0.7609236538043076,-0.0367379864816851,0.3468266129493713,0.1155419781571254,0.0549676394658065,predictions/ds5/ds5_multi_w168_h32_lr0p001_wd0_fold1_seed42.npz,histories/ds5/ds5_multi_w168_h32_lr0p001_wd0_fold1_seed42.csv,36.31290208501741
ds5_multi_w168_h32_lr0p001_wd0_fold3_seed42,ds5,multi,3,42.0,168,32.0,0.001,0.0,128.0,75.0,10,2,0.4926906375143892,0.7019192528449332,0.4928381021674108,1.0113325780561058,0.502409377569346,0.7088084209215816,0.5077313322483558,1.0418943562690826,0.868780015617777,0.754400533487197,0.0250045545771186,0.3599942922592163,0.0068891680766484,22.739534449006896,1153,models/ds5/ds5_multi_w168_h32_lr0p001_wd0_fold3_seed42.pt,completed,2026-09-25 01:52:33,0.2316142792821894,0.8805099671011245,0.7731490384393083,0.0253916951883534,0.3501653671264648,0.1114163589081727,0.0529797236843427,predictions/ds5/ds5_multi_w168_h32_lr0p001_wd0_fold3_seed42.npz,histories/ds5/ds5_multi_w168_h32_lr0p001_wd0_fold3_seed42.csv,23.43371449201368
ds5_multi_w48_h32_lr0p001_wd0_fold4_seed42,ds5,multi,4,42.0,48,32.0,0.001,0.0,128.0,75.0,66,58,0.4499673813436741,0.6707960802983826,0.4777380263508999,0.9725742099494132,0.6017923268138771,0.7757527485055254,0.4955217285605198,1.0087780898427687,0.8565944683086443,0.7322334171155951,-0.0156606611500339,0.3527302742004394,0.1049566682071428,68.2672637560172,1153,models/ds5/ds5_multi_w48_h32_lr0p001_wd0_fold4_seed42.pt,completed,2026-09-25 01:52:37,0.2802019230365979,0.8895368397857814,0.7908970150799991,-0.0031086656849343,0.3448570966720581,0.1145751028670929,0.0544817417342334,predictions/ds5/ds5_multi_w48_h32_lr0p001_wd0_fold4_seed42.npz,histories/ds5/ds5_multi_w48_h32_lr0p001_wd0_fold4_seed42.csv,69.38465827697655
ds5_jordan_w168_h32_lr0p001_wd0_fold4_seed42,ds5,jordan,4,42.0,168,32.0,0.001,0.0,128.0,75.0,75,75,0.4738092262787442,0.6883380174585334,0.4929248714812413,1.003491434640707,0.6209865032895624,0.7880269686308726,0.5116140619097468,1.04153869823083,0.8527502241702833,0.7236929974107025,0.0288915745258558,0.3545374870300293,0.0996889511723392,174.67413328797556,129,models/ds5/ds5_jordan_w168_h32_lr0p001_wd0_fold4_seed42.pt,completed,2026-09-25 01:52:39,0.289138960373498,0.884258086733274,0.7796004835007206,0.0412266575158428,0.3581520318984985,0.0785694391233846,0.0373606462783569,predictions/ds5/ds5_jordan_w168_h32_lr0p001_wd0_fold4_seed42.npz,histories/ds5/ds5_jordan_w168_h32_lr0p001_wd0_fold4_seed42.csv,175.31549485499272
ds5_multi_w168_h32_lr0p001_wd0_fold2_seed42,ds5,multi,2,42.0,168,32.0,0.001,0.0,128.0,75.0,44,36,0.4094441018382421,0.6398781929697575,0.4534345142484027,0.9482202230244344,0.6135721986023096,0.78330849516797,0.5370118944390857,1.1229968657234777,0.9093019883996192,0.8198980401119759,-0.0884186992125778,0.3602433204650879,0.1434303021982125,104.06724142603343,1153,models/ds5/ds5_multi_w168_h32_lr0p001_wd0_fold2_seed42.pt,completed,2026-09-25 01:53:20,0.3504746761013506,0.8745579387808884,0.764834667768165,-0.0017746092549053,0.3211562633514404,0.1000556001672521,0.0476001903745252,predictions/ds5/ds5_multi_w168_h32_lr0p001_wd0_fold2_seed42.npz,histories/ds5/ds5_multi_w168_h32_lr0p001_wd0_fold2_seed42.csv,104.6197304049856
ds5_multi_w168_h32_lr0p001_wd0_fold4_seed42,ds5,multi,4,42.0,168,32.0,0.001,0.0,128.0,75.0,68,60,0.445785161774413,0.6676714474757873,0.4734881165383876,0.9639222868236113,0.5927086959630911,0.7698757665773687,0.4876018704769445,0.9926549233923612,0.8583615180839921,0.7362751648825961,-0.0139399416606538,0.3429881334304809,0.1022043191015813,135.9370721100131,1153,models/ds5/ds5_multi_w168_h32_lr0p001_wd0_fold4_seed42.pt,completed,2026-09-25 01:54:50,0.2759724744886542,0.8903470989412903,0.7926363002905472,0.0010528766636951,0.3408167362213135,0.0970891890465281,0.0461669943159905,predictions/ds5/ds5_multi_w168_h32_lr0p001_wd0_fold4_seed42.npz,histories/ds5/ds5_multi_w168_h32_lr0p001_wd0_fold4_seed42.csv,136.66246720805066
ds5_elman_w168_h8_lr0p001_wd0_fold1_seed42,ds5,elman,1,42.0,168,8.0,0.001,0.0,128.0,75.0,75,75,0.4730366253167392,0.6877765809597904,0.4900881643021707,0.9755292934331256,0.3262458419999008,0.5711793431137901,0.4108411029449085,0.817786594458587,0.8532636557629572,0.7255042737268971,0.0550848171894715,0.3112925887107849,-0.1165972378460002,56.15950716100633,89,models/ds5/ds5_elman_w168_h8_lr0p001_wd0_fold1_seed42.pt,completed,2026-09-25 05:08:42,0.1707487732427217,0.8675821007269147,0.7519295321464149,-0.013753012288533,0.3491475582122803,0.066974603163544,0.0318623231034938,predictions/ds5/ds5_elman_w168_h8_lr0p001_wd0_fold1_seed42.npz,histories/ds5/ds5_elman_w168_h8_lr0p001_wd0_fold1_seed42.csv,57.55632651300402
ds5_elman_w168_h8_lr0p001_wd0_fold3_seed42,ds5,elman,3,42.0,168,8.0,0.001,0.0,128.0,75.0,75,73,0.4695796802315837,0.6852588417755613,0.4766348185343407,0.9780824934186954,0.4973899305485538,0.7052587685017138,0.4994726470692408,1.0249470517956332,0.8720651458793571,0.7568542566172469,0.0120726660552956,0.3450766801834106,0.0199999267261524,89.11330920498585,89,models/ds5/ds5_elman_w168_h8_lr0p001_wd0_fold3_seed42.pt,completed,2026-09-25 05:09:16,0.2293002767558331,0.8857417229595398,0.7837900827031936,0.0090639080479045,0.3273103237152099,0.0654851599829271,0.0311389253366272,predictions/ds5/ds5_elman_w168_h8_lr0p001_wd0_fold3_seed42.npz,histories/ds5/ds5_elman_w168_h8_lr0p001_wd0_fold3_seed42.csv,90.99232767603826
ds5_elman_w168_h16_lr0p001_wd0_fold1_seed42,ds5,elman,1,42.0,168,16.0,0.001,0.0,128.0,75.0,47,39,0.4761444750638166,0.6900322275544938,0.4917635886754214,0.9788642557400916,0.3244056464220869,0.5695661914317659,0.4107452883366513,0.8175958737599412,0.8545138198755005,0.727052571840124,0.0609568094889625,0.3112100958824157,-0.1204660361227278,48.34954896103591,305,models/ds5/ds5_elman_w168_h16_lr0p001_wd0_fold1_seed42.pt,completed,2026-09-25 05:09:31,0.1697856615431301,0.866820025502497,0.750299709634765,-0.0149195376850744,0.3455908894538879,0.2323966540861874,0.1105597783473774,predictions/ds5/ds5_elman_w168_h16_lr0p001_wd0_fold1_seed42.npz,histories/ds5/ds5_elman_w168_h16_lr0p001_wd0_fold1_seed42.csv,48.85550188203342
ds5_elman_w168_h8_lr0p001_wd0_fold4_seed42,ds5,elman,4,42.0,168,8.0,0.001,0.0,128.0,75.0,75,75,0.4689632933163192,0.6848089465802263,0.481010798242763,0.9792368856451,0.631979653714652,0.7949714798121075,0.505652352565252,1.0294019110465265,0.8478905929630858,0.7188016118058957,0.0062397767178965,0.3441336154937744,0.1101625332318811,129.22374014998786,89,models/ds5/ds5_elman_w168_h8_lr0p001_wd0_fold4_seed42.pt,completed,2026-09-25 05:09:56,0.2942575195319756,0.8843426807571573,0.7818546423956301,0.017903182130004,0.3376877307891845,0.063382152991835,0.0301389220122848,predictions/ds5/ds5_elman_w168_h8_lr0p001_wd0_fold4_seed42.npz,histories/ds5/ds5_elman_w168_h8_lr0p001_wd0_fold4_seed42.csv,130.81217689299956
ds5_elman_w168_h16_lr0p001_wd0_fold3_seed42,ds5,elman,3,42.0,168,16.0,0.001,0.0,128.0,75.0,15,7,0.4995498109478472,0.7067883777679477,0.4859806248766335,0.9972606340303836,0.5077184865783001,0.712543673453284,0.5024690838921257,1.0310959152129366,0.8692884641894925,0.7518052110301088,-0.0206680842030915,0.3426805734634399,0.0057552956853362,35.98101423197659,305,models/ds5/ds5_elman_w168_h16_lr0p001_wd0_fold3_seed42.pt,completed,2026-09-25 05:10:08,0.2340618100440678,0.8780035664978496,0.7699908495669937,-0.0309924429023298,0.3292595744132995,0.069872110907454,0.0332249695232781,predictions/ds5/ds5_elman_w168_h16_lr0p001_wd0_fold3_seed42.npz,histories/ds5/ds5_elman_w168_h16_lr0p001_wd0_fold3_seed42.csv,36.48494292999385
ds5_elman_w168_h64_lr0p001_wd0_fold1_seed42,ds5,elman,1,42.0,168,64.0,0.001,0.0,128.0,75.0,15,7,0.4478132767198686,0.669188521061045,0.4766161949724868,0.948713096514654,0.3168048293338614,0.5628541812351237,0.4024867233948748,0.8011570519126635,0.8565727604348509,0.7334477240177327,-0.0103139961820687,0.2998037934303283,-0.1063343398259213,18.738015490002,4289,models/ds5/ds5_elman_w168_h64_lr0p001_wd0_fold1_seed42.pt,completed,2026-09-25 05:10:27,0.1658075828987796,0.8763708902038772,0.7651571926538229,-0.0545931672427355,0.3408611416816711,0.1297848459798842,0.0617435042720667,predictions/ds5/ds5_elman_w168_h64_lr0p001_wd0_fold1_seed42.npz,histories/ds5/ds5_elman_w168_h64_lr0p001_wd0_fold1_seed42.csv,19.26511160598602
ds5_elman_w168_h16_lr0p001_wd0_fold2_seed42,ds5,elman,2,42.0,168,16.0,0.001,0.0,128.0,75.0,75,75,0.4304747359089164,0.6561057353117075,0.4638597063028528,0.9700213379027952,0.636744888921334,0.7979629621237655,0.5398214204213826,1.128872133859919,0.9096447993647104,0.813096156076419,-0.1535750484035539,0.3578969836235046,0.141857226812058,116.94293486501556,305,models/ds5/ds5_elman_w168_h16_lr0p001_wd0_fold2_seed42.pt,completed,2026-09-25 05:11:14,0.3637110057271854,0.8682978675710092,0.7527556659555314,-0.0357725129914852,0.3262364864349365,0.1602484698523767,0.0762361892732524,predictions/ds5/ds5_elman_w168_h16_lr0p001_wd0_fold2_seed42.npz,histories/ds5/ds5_elman_w168_h16_lr0p001_wd0_fold2_seed42.csv,117.92357568501028
ds5_elman_w168_h64_lr0p001_wd0_fold2_seed42,ds5,elman,2,42.0,168,64.0,0.001,0.0,128.0,75.0,22,14,0.4051781544475121,0.6365360590316248,0.4500806576456252,0.9412066531351878,0.6069374599251365,0.7790619102004259,0.5349010801337992,1.1185827403130209,0.9104945127302072,0.8218455361716502,-0.097315522118141,0.3616516590118408,0.1425258511688011,53.375824211980216,4289,models/ds5/ds5_elman_w168_h64_lr0p001_wd0_fold2_seed42.pt,completed,2026-09-25 05:11:21,0.3466848989081995,0.8760956515850586,0.7672848262413743,-0.0156101944987274,0.3190028071403503,0.1355715070385486,0.0644964353180535,predictions/ds5/ds5_elman_w168_h64_lr0p001_wd0_fold2_seed42.npz,histories/ds5/ds5_elman_w168_h64_lr0p001_wd0_fold2_seed42.csv,54.06929191004019
ds5_elman_w168_h8_lr0p001_wd0_fold2_seed42,ds5,elman,2,42.0,168,8.0,0.001,0.0,128.0,75.0,75,75,0.4319467236155352,0.6572265390377471,0.4623717624723753,0.9669097564363472,0.6564430324488334,0.8102117207550341,0.54319315085402,1.1359230814220234,0.9086226347815094,0.807314156397262,-0.175974038728184,0.3509234189987182,0.152985181717287,222.2366935709724,89,models/ds5/ds5_elman_w168_h8_lr0p001_wd0_fold2_seed42.pt,completed,2026-09-25 05:11:30,0.3749626420090927,0.8682234809195225,0.7519102258172705,-0.0530136270769711,0.3255883455276489,0.2608541359659284,0.1240980665870259,predictions/ds5/ds5_elman_w168_h8_lr0p001_wd0_fold2_seed42.npz,histories/ds5/ds5_elman_w168_h8_lr0p001_wd0_fold2_seed42.csv,225.0112711999681
ds5_jordan_w6_h8_lr0p001_wd0_fold1_seed42,ds5,jordan,1,42.0,6,8.0,0.001,0.0,128.0,75.0,60,52,0.4868035623805989,0.6977130946030746,0.4954893708441938,0.9862804920651692,0.3270750986659685,0.5719047986037261,0.4099414832358355,0.8159958852697616,0.8529516241833667,0.7248065562956993,0.0563327735883638,0.3076857924461365,-0.1258082959993485,8.892228887998499,33,models/ds5/ds5_jordan_w6_h8_lr0p001_wd0_fold1_seed42.pt,completed,2026-09-25 05:11:39,0.1711827844352976,0.863816813482165,0.7453901098496136,-0.0134672938287258,0.3535655736923218,0.0031827189959585,0.0015141384376586,predictions/ds5/ds5_jordan_w6_h8_lr0p001_wd0_fold1_seed42.npz,histories/ds5/ds5_jordan_w6_h8_lr0p001_wd0_fold1_seed42.csv,8.960453184961807
ds5_jordan_w6_h8_lr0p001_wd0_fold2_seed42,ds5,jordan,2,42.0,6,8.0,0.001,0.0,128.0,75.0,75,75,0.4419196269526826,0.6647703565538122,0.466429921070714,0.9753961595006652,0.6580237742123298,0.8111866457310116,0.5413647930923811,1.132099627869125,0.907238481123606,0.8068501609777644,-0.1605125545434561,0.3478432893753052,0.1464162891771994,14.706377714988776,33,models/ds5/ds5_jordan_w6_h8_lr0p001_wd0_fold2_seed42.pt,completed,2026-09-25 05:11:54,0.3758655833018381,0.8654021430460767,0.7476904987985907,-0.0441283792280525,0.3241642713546753,0.0035853099543601,0.0017056660106375,predictions/ds5/ds5_jordan_w6_h8_lr0p001_wd0_fold2_seed42.npz,histories/ds5/ds5_jordan_w6_h8_lr0p001_wd0_fold2_seed42.csv,14.79382912296569
ds5_jordan_w6_h8_lr0p001_wd0_fold3_seed42,ds5,jordan,3,42.0,6,8.0,0.001,0.0,128.0,75.0,20,12,0.4994964821906356,0.7067506506474794,0.4849232467813231,0.9950908324050476,0.4977624052521398,0.7055227886129121,0.4997813996960308,1.02558063022364,0.8706988401257222,0.756672174847729,-0.0298604117763989,0.3350427150726318,-0.0012278620345673,6.288697155017871,33,models/ds5/ds5_jordan_w6_h8_lr0p001_wd0_fold3_seed42.pt,completed,2026-09-25 05:12:00,0.2294719927774629,0.8778084452249414,0.7698228773888502,-0.0387302756990427,0.3278821110725403,0.0031559690251015,0.0015006985378514,predictions/ds5/ds5_jordan_w6_h8_lr0p001_wd0_fold3_seed42.npz,histories/ds5/ds5_jordan_w6_h8_lr0p001_wd0_fold3_seed42.csv,6.386364125995897
ds5_elman_w168_h64_lr0p001_wd0_fold4_seed42,ds5,elman,4,42.0,168,64.0,0.001,0.0,128.0,75.0,22,14,0.4651584104298794,0.6820252271213136,0.4893781113594123,0.9962709764960704,0.5994466107194022,0.7742393755934932,0.4948516641975979,1.0074139796350012,0.856907297106622,0.7332771399333318,-0.0007781510232915,0.3583650588989258,0.0922141484721795,54.47742865997134,4289,models/ds5/ds5_elman_w168_h64_lr0p001_wd0_fold4_seed42.pt,completed,2026-09-25 05:12:16,0.2791097289995528,0.8859388785299357,0.7836245411270119,0.0068875816336283,0.3599951267242431,0.1311405778978951,0.0623588102224893,predictions/ds5/ds5_elman_w168_h64_lr0p001_wd0_fold4_seed42.npz,histories/ds5/ds5_elman_w168_h64_lr0p001_wd0_fold4_seed42.csv,55.47473681898555
ds5_jordan_w6_h16_lr0p001_wd0_fold1_seed42,ds5,jordan,1,42.0,6,16.0,0.001,0.0,128.0,75.0,49,41,0.4872876626436664,0.6980599276879217,0.4971210946994168,0.9895284677061036,0.3269009308601117,0.571752508398618,0.4115480675116592,0.8191938201263739,0.8534093603601071,0.7249530970701932,0.0597602906508404,0.3068718910217285,-0.1263074192893036,5.944847666018177,65,models/ds5/ds5_jordan_w6_h16_lr0p001_wd0_fold1_seed42.pt,completed,2026-09-25 05:12:22,0.1710916273260434,0.8640234981947253,0.7451369138495707,-0.0151107641841684,0.3547541499137878,0.0033702438813634,0.0016033510377561,predictions/ds5/ds5_jordan_w6_h16_lr0p001_wd0_fold1_seed42.npz,histories/ds5/ds5_jordan_w6_h16_lr0p001_wd0_fold1_seed42.csv,6.011409543978516
ds5_jordan_w6_h8_lr0p001_wd0_fold4_seed42,ds5,jordan,4,42.0,6,8.0,0.001,0.0,128.0,75.0,75,75,0.4781210417673031,0.6914629720869391,0.490090674653986,0.9977216055961912,0.6455635801284352,0.8034697132614491,0.5118698595367156,1.0420594484354062,0.8453042956454573,0.7127574643551808,0.0214694262797981,0.353447675704956,0.11200674117451,31.773851295001805,33,models/ds5/ds5_jordan_w6_h8_lr0p001_wd0_fold4_seed42.pt,completed,2026-09-25 05:12:32,0.3005823483650762,0.8822173516910259,0.7774555584179855,0.0323241409350775,0.3502700328826904,0.0032638630946166,0.0015520033735695,predictions/ds5/ds5_jordan_w6_h8_lr0p001_wd0_fold4_seed42.npz,histories/ds5/ds5_jordan_w6_h8_lr0p001_wd0_fold4_seed42.csv,31.88965140900109
ds5_jordan_w6_h16_lr0p001_wd0_fold3_seed42,ds5,jordan,3,42.0,6,16.0,0.001,0.0,128.0,75.0,19,11,0.4994553522998999,0.7067215521688156,0.4854224286532703,0.9961151827693052,0.5024132932879598,0.7088111831002385,0.501517071986958,1.0291423311654389,0.870688295042792,0.7543986193143223,-0.0292264284318932,0.3369804620742798,0.0020896309314228,3.8182327339891344,65,models/ds5/ds5_jordan_w6_h16_lr0p001_wd0_fold3_seed42.pt,completed,2026-09-25 05:12:36,0.2316160864111247,0.8780271538875981,0.7698418307954115,-0.0388575232743925,0.3268072009086609,0.0034970610286109,0.001662891597057,predictions/ds5/ds5_jordan_w6_h16_lr0p001_wd0_fold3_seed42.npz,histories/ds5/ds5_jordan_w6_h16_lr0p001_wd0_fold3_seed42.csv,3.9234570650151
ds5_jordan_w6_h16_lr0p001_wd0_fold2_seed42,ds5,jordan,2,42.0,6,16.0,0.001,0.0,128.0,75.0,75,75,0.4413203932472815,0.6643194963624668,0.4653735802301151,0.9731871442713708,0.6434635565591871,0.8021618019821107,0.535941810805269,1.1207591116266278,0.908024908985604,0.8111240243335369,-0.1591363275879116,0.3441776633262634,0.1378423056196439,14.643662918999324,65,models/ds5/ds5_jordan_w6_h16_lr0p001_wd0_fold2_seed42.pt,completed,2026-09-25 05:12:37,0.3675487415774678,0.8658160408840749,0.7480326251674859,-0.0530161855205936,0.3214697241783142,0.0112075408687815,0.0053318462743965,predictions/ds5/ds5_jordan_w6_h16_lr0p001_wd0_fold2_seed42.npz,histories/ds5/ds5_jordan_w6_h16_lr0p001_wd0_fold2_seed42.csv,14.936817489971872
ds5_jordan_w6_h16_lr0p001_wd0_fold4_seed42,ds5,jordan,4,42.0,6,16.0,0.001,0.0,128.0,75.0,75,75,0.4785528620566253,0.6917751528181865,0.493477054864501,1.004615563950285,0.6375880602471823,0.7984911146951995,0.5125855743686641,1.0435164934032275,0.848041359398791,0.7163061598273153,0.0278360346527934,0.3544352054595947,0.106715961877013,13.571939243003726,65,models/ds5/ds5_jordan_w6_h16_lr0p001_wd0_fold4_seed42.pt,completed,2026-09-25 05:12:50,0.2968688544011716,0.8825639435035655,0.7772545649524066,0.0394936823230191,0.357226014137268,0.0031997229671105,0.0015215040262056,predictions/ds5/ds5_jordan_w6_h16_lr0p001_wd0_fold4_seed42.npz,histories/ds5/ds5_jordan_w6_h16_lr0p001_wd0_fold4_seed42.csv,13.697308144008275
ds5_jordan_w6_h64_lr0p001_wd0_fold1_seed42,ds5,jordan,1,42.0,6,64.0,0.001,0.0,128.0,75.0,49,41,0.4851955541862405,0.6965597994330713,0.4954249550827912,0.9861522713351368,0.3240312577913091,0.5692374353389885,0.4074951114255286,0.8111263382424803,0.853507592332984,0.7273675737984133,0.0264333283526913,0.3028480410575866,-0.1273223640940828,13.146089737012517,257,models/ds5/ds5_jordan_w6_h64_lr0p001_wd0_fold1_seed42.pt,completed,2026-09-25 05:12:51,0.1695897105078148,0.865444625403224,0.7462311365416212,-0.0518027259835175,0.3494842648506164,0.0045066661550663,0.0021439896075482,predictions/ds5/ds5_jordan_w6_h64_lr0p001_wd0_fold1_seed42.npz,histories/ds5/ds5_jordan_w6_h64_lr0p001_wd0_fold1_seed42.csv,13.21562010096386
ds5_jordan_w6_h64_lr0p001_wd0_fold2_seed42,ds5,jordan,2,42.0,6,64.0,0.001,0.0,128.0,75.0,32,24,0.4394651973030777,0.66292171280105,0.4651855378066122,0.9727939107985116,0.6087606758858952,0.7802311682353475,0.5256575175288969,1.0992526436412022,0.9108426837224332,0.8213103672565987,-0.1307896565075265,0.3380143642425537,0.1173094554342976,4.502421527984552,257,models/ds5/ds5_jordan_w6_h64_lr0p001_wd0_fold2_seed42.pt,completed,2026-09-25 05:12:54,0.3477263237384248,0.8661101205549738,0.7490918303594812,-0.0411557376353779,0.3219038248062134,0.0045353781315498,0.0021576489683871,predictions/ds5/ds5_jordan_w6_h64_lr0p001_wd0_fold2_seed42.npz,histories/ds5/ds5_jordan_w6_h64_lr0p001_wd0_fold2_seed42.csv,4.590709317999426
ds5_jordan_w6_h64_lr0p001_wd0_fold3_seed42,ds5,jordan,3,42.0,6,64.0,0.001,0.0,128.0,75.0,32,24,0.4810506060952115,0.6935781182355824,0.4842534700081038,0.9937164113369462,0.5095022224528705,0.7137942437795856,0.5052243984714895,1.0367499816997785,0.8712859697975651,0.7509332436689229,0.0535071546329637,0.3553242683410644,0.0202161255440032,7.002128414984327,257,models/ds5/ds5_jordan_w6_h64_lr0p001_wd0_fold3_seed42.pt,completed,2026-09-25 05:12:58,0.2348841255866398,0.884872473442659,0.77832307475774,0.0522323086985467,0.3358215093612671,0.0159869010094553,0.0076019500758227,predictions/ds5/ds5_jordan_w6_h64_lr0p001_wd0_fold3_seed42.npz,histories/ds5/ds5_jordan_w6_h64_lr0p001_wd0_fold3_seed42.csv,7.133729298016988
ds5_elman_w168_h16_lr0p001_wd0_fold4_seed42,ds5,elman,4,42.0,168,16.0,0.001,0.0,128.0,75.0,75,74,0.4687280919411484,0.6846371973104796,0.4823032158899936,0.9818679763325654,0.6100565298624967,0.7810611562883515,0.5052367198257519,1.028555770147222,0.8536766057348345,0.7285562725060791,0.0206920509388262,0.3593311309814453,0.0964239589778719,189.86368459503865,305,models/ds5/ds5_elman_w168_h16_lr0p001_wd0_fold4_seed42.pt,completed,2026-09-25 05:13:06,0.2840498231787144,0.8846153426054066,0.7819640498670184,0.0230519979443637,0.3429285287857055,0.0691595079260878,0.0328861188426475,predictions/ds5/ds5_elman_w168_h16_lr0p001_wd0_fold4_seed42.npz,histories/ds5/ds5_elman_w168_h16_lr0p001_wd0_fold4_seed42.csv,190.45833416696405
ds5_jordan_w6_h64_lr0p001_wd0_fold4_seed42,ds5,jordan,4,42.0,6,64.0,0.001,0.0,128.0,75.0,54,46,0.4809128607805102,0.6934788106211395,0.496452557286738,1.0106730614863595,0.6097280568396131,0.7808508544143453,0.5099137795294573,1.038077280672483,0.8566206605777431,0.7287024260793108,0.0101038894934479,0.3553428649902344,0.0873720437932058,13.445073253999,257,models/ds5/ds5_jordan_w6_h64_lr0p001_wd0_fold4_seed42.pt,completed,2026-09-25 05:13:08,0.2838968910946485,0.8829687712112495,0.7761560887251319,0.020478891907866,0.3629457950592041,0.0051297541358508,0.0024392554140992,predictions/ds5/ds5_jordan_w6_h64_lr0p001_wd0_fold4_seed42.npz,histories/ds5/ds5_jordan_w6_h64_lr0p001_wd0_fold4_seed42.csv,13.582233865046874
ds5_elman_w168_h64_lr0p001_wd0_fold3_seed42,ds5,elman,3,42.0,168,64.0,0.001,0.0,128.0,75.0,26,18,0.4600618885051872,0.6782786215893785,0.4776522132327165,0.980170246777626,0.500203959983128,0.707250987969001,0.5056598755613827,1.0376436061295238,0.872238652935077,0.7554786371349307,0.053677962385242,0.3584380149841308,0.0289723663796225,120.46204817999389,4289,models/ds5/ds5_elman_w168_h64_lr0p001_wd0_fold3_seed42.pt,completed,2026-09-25 05:13:17,0.2305975626946856,0.8891671038218926,0.7881723868118329,0.0455133930772845,0.3372491002082824,0.4746136670000851,0.225684102234943,predictions/ds5/ds5_elman_w168_h64_lr0p001_wd0_fold3_seed42.npz,histories/ds5/ds5_elman_w168_h64_lr0p001_wd0_fold3_seed42.csv,123.4042400730541
ds5_multi_w168_h8_lr0p001_wd0_fold3_seed42,ds5,multi,3,42.0,168,8.0,0.001,0.0,128.0,75.0,21,13,0.4958167302901458,0.7041425496944108,0.4901208748611714,1.005756668878836,0.5220832486846612,0.7225532843221053,0.515257636649349,1.0573387725989425,0.8662229168981007,0.7447830930772674,-0.007885240567507,0.3612792491912842,0.0184107346276944,59.70883890497498,97,models/ds5/ds5_multi_w168_h8_lr0p001_wd0_fold3_seed42.pt,completed,2026-09-25 05:14:09,0.2406840716664472,0.8794241401080409,0.7717096825877621,-0.0191926275316399,0.3381447792053222,0.0830150279216468,0.0394745734292186,predictions/ds5/ds5_multi_w168_h8_lr0p001_wd0_fold3_seed42.npz,histories/ds5/ds5_multi_w168_h8_lr0p001_wd0_fold3_seed42.csv,61.04640330100665
ds5_multi_w168_h8_lr0p001_wd0_fold1_seed42,ds5,multi,1,42.0,168,8.0,0.001,0.0,128.0,75.0,75,72,0.4709358486173828,0.6862476583693258,0.4895485258795137,0.9744551334604736,0.325873446241942,0.5708532615672279,0.4153910590057482,0.8268433637186706,0.8533217781273401,0.7258175989279642,0.0508091132715698,0.3130605220794678,-0.1153943968020978,92.49265371100046,97,models/ds5/ds5_multi_w168_h8_lr0p001_wd0_fold1_seed42.pt,completed,2026-09-25 05:14:31,0.1705538716121132,0.8688551528096258,0.7530312241312931,-0.0339895408133366,0.3505270481109619,0.3280290350085124,0.1560556779298346,predictions/ds5/ds5_multi_w168_h8_lr0p001_wd0_fold1_seed42.npz,histories/ds5/ds5_multi_w168_h8_lr0p001_wd0_fold1_seed42.csv,93.53576245700242
ds5_multi_w168_h16_lr0p001_wd0_fold1_seed42,ds5,multi,1,42.0,168,16.0,0.001,0.0,128.0,75.0,23,15,0.4799787346709001,0.692804975928219,0.4927931142318069,0.9809135448512092,0.3304986006031712,0.5748900769739996,0.4127615171880749,0.8216092135018414,0.850343724568333,0.7219261007322225,0.0329043444398468,0.3110652565956116,-0.1179148989542193,25.58642152301036,321,models/ds5/ds5_multi_w168_h16_lr0p001_wd0_fold1_seed42.pt,completed,2026-09-25 05:14:35,0.1729745601723014,0.866149442688017,0.7482889423417156,-0.035760306400076,0.3520945310592651,0.0880695111118257,0.0418979596155212,predictions/ds5/ds5_multi_w168_h16_lr0p001_wd0_fold1_seed42.npz,histories/ds5/ds5_multi_w168_h16_lr0p001_wd0_fold1_seed42.csv,25.975147841032594
ds5_multi_w168_h8_lr0p001_wd0_fold2_seed42,ds5,multi,2,42.0,168,8.0,0.001,0.0,128.0,75.0,75,74,0.4295905949709669,0.65543160968248,0.4614810193960483,0.965047038509168,0.655831184359288,0.8098340474191537,0.5455765239858945,1.1409071806285045,0.907391757760636,0.8074937522791026,-0.1714811204843131,0.363281637430191,0.1544024377366736,105.36248670902567,97,models/ds5/ds5_multi_w168_h8_lr0p001_wd0_fold2_seed42.pt,completed,2026-09-25 05:14:52,0.3746131600707514,0.8690480477374094,0.7532634747051975,-0.0539861484690117,0.3239758312702179,0.0865625200676731,0.0411810276249634,predictions/ds5/ds5_multi_w168_h8_lr0p001_wd0_fold2_seed42.npz,histories/ds5/ds5_multi_w168_h8_lr0p001_wd0_fold2_seed42.csv,105.85654934099875
ds5_multi_w168_h16_lr0p001_wd0_fold3_seed42,ds5,multi,3,42.0,168,16.0,0.001,0.0,128.0,75.0,23,15,0.4824132171208015,0.6945597289800219,0.4841576905276265,0.9935198662474128,0.5181104190022322,0.7197988739934457,0.5115878404008736,1.0498081363015674,0.8691039125698397,0.7467251843162314,0.0153804274326384,0.361560583114624,0.0252391450134237,68.93093650002265,321,models/ds5/ds5_multi_w168_h16_lr0p001_wd0_fold3_seed42.pt,completed,2026-09-25 05:15:44,0.2388525757401884,0.8837101289965311,0.7778811005511659,0.0068124909416765,0.3346381187438965,0.0945957291405648,0.0449813262675058,predictions/ds5/ds5_multi_w168_h16_lr0p001_wd0_fold3_seed42.npz,histories/ds5/ds5_multi_w168_h16_lr0p001_wd0_fold3_seed42.csv,69.52671504300088
ds5_multi_w168_h64_lr0p001_wd0_fold1_seed42,ds5,multi,1,42.0,168,64.0,0.001,0.0,128.0,75.0,15,7,0.4463640488749805,0.6681048187784463,0.4732316785456723,0.9419761557783594,0.3199760434571884,0.5656642497605698,0.4044873471151183,0.8051393293606683,0.8552263247711279,0.7307795376015809,-0.0234048860510908,0.3012887835502624,-0.1024405690178764,32.10305250796955,4353,models/ds5/ds5_multi_w168_h64_lr0p001_wd0_fold1_seed42.pt,completed,2026-09-25 05:16:17,0.1674673210202116,0.8766851563006882,0.7659171985609069,-0.067021095651877,0.3325734734535217,0.1530446549295447,0.0728090651425046,predictions/ds5/ds5_multi_w168_h64_lr0p001_wd0_fold1_seed42.npz,histories/ds5/ds5_multi_w168_h64_lr0p001_wd0_fold1_seed42.csv,32.7395957710105
ds5_multi_w168_h16_lr0p001_wd0_fold2_seed42,ds5,multi,2,42.0,168,16.0,0.001,0.0,128.0,75.0,69,61,0.4215717040480499,0.6492855335274689,0.4579595944688554,0.95768305049127,0.6370816558614706,0.7981739508787985,0.5404373589410428,1.130160181730403,0.9073774110100956,0.8129973048147708,-0.1384584316744564,0.3594205379486084,0.1488884173513296,113.35179778200109,321,models/ds5/ds5_multi_w168_h16_lr0p001_wd0_fold2_seed42.pt,completed,2026-09-25 05:16:25,0.363903364150667,0.8711506246665826,0.757869146491779,-0.0420225576238227,0.3206453323364258,0.0893484089756384,0.0425063791511124,predictions/ds5/ds5_multi_w168_h16_lr0p001_wd0_fold2_seed42.npz,histories/ds5/ds5_multi_w168_h16_lr0p001_wd0_fold2_seed42.csv,113.86238952196436
ds5_multi_w168_h64_lr0p001_wd0_fold2_seed42,ds5,multi,2,42.0,168,64.0,0.001,0.0,128.0,75.0,17,9,0.4224231953781443,0.6499409168364032,0.4651847066550419,0.9727921726980748,0.6066865813286556,0.7789008802977794,0.53318664150846,1.1149975139471464,0.9106875693620896,0.8219191766120468,-0.0804994740903547,0.3597477078437805,0.1289599634613761,49.12459681398468,4353,models/ds5/ds5_multi_w168_h64_lr0p001_wd0_fold2_seed42.pt,completed,2026-09-25 05:17:07,0.3465415848424387,0.8704447413481607,0.757380090133084,0.0157524231099955,0.3375270366668701,0.1619080509408377,0.0770257140536811,predictions/ds5/ds5_multi_w168_h64_lr0p001_wd0_fold2_seed42.npz,histories/ds5/ds5_multi_w168_h64_lr0p001_wd0_fold2_seed42.csv,49.953808669000864
ds5_multi_w168_h64_lr0p001_wd0_fold3_seed42,ds5,multi,3,42.0,168,64.0,0.001,0.0,128.0,75.0,19,11,0.4550060505978143,0.674541363148187,0.4838417791474585,0.992871597639248,0.4912223431053613,0.7008725583908685,0.5068940409466702,1.0401761856020957,0.872681074508737,0.7598692405195131,0.0588093612855012,0.3713841438293457,0.0263311952426814,51.68172981403768,4353,models/ds5/ds5_multi_w168_h64_lr0p001_wd0_fold3_seed42.pt,completed,2026-09-25 05:17:18,0.2264569745537671,0.8905628613438161,0.790500260742153,0.0678732383550387,0.3555886149406433,0.189274019037839,0.0900019110974032,predictions/ds5/ds5_multi_w168_h64_lr0p001_wd0_fold3_seed42.npz,histories/ds5/ds5_multi_w168_h64_lr0p001_wd0_fold3_seed42.csv,52.83357123401947
ds5_multi_w168_h16_lr0p001_wd0_fold4_seed42,ds5,multi,4,42.0,168,16.0,0.001,0.0,128.0,75.0,75,72,0.4514578841003744,0.6719061572127275,0.4743510735496758,0.965679085920984,0.621082872383894,0.7880881120686278,0.4950992890442772,1.0079180917766757,0.8513885482194895,0.7236501181283734,-0.0215575243255608,0.3518487215042114,0.1161819548559003,181.07397940498777,321,models/ds5/ds5_multi_w168_h16_lr0p001_wd0_fold4_seed42.pt,completed,2026-09-25 05:17:54,0.289183841792391,0.8888586648307222,0.7899975478380127,-0.0033559802239273,0.3390268087387085,0.1237849549506791,0.0588611293155868,predictions/ds5/ds5_multi_w168_h16_lr0p001_wd0_fold4_seed42.npz,histories/ds5/ds5_multi_w168_h16_lr0p001_wd0_fold4_seed42.csv,181.7421034279978
ds5_multi_w168_h64_lr0p001_wd0_fold4_seed42,ds5,multi,4,42.0,168,64.0,0.001,0.0,128.0,75.0,30,22,0.4586572710173178,0.6772424019635198,0.4905530343415027,0.9986628727405168,0.590582204192236,0.7684934639879742,0.5010521915828507,1.0200369501551512,0.8590162462610551,0.7372213441701061,-0.0120544829824341,0.3649313449859619,0.0912510620244544,87.51342020597076,4353,models/ds5/ds5_multi_w168_h64_lr0p001_wd0_fold4_seed42.pt,completed,2026-09-25 05:18:36,0.2749823340335688,0.8872881622401486,0.7866486442971347,0.0037494730776855,0.3670346736907959,0.1420021370286122,0.0675236029617747,predictions/ds5/ds5_multi_w168_h64_lr0p001_wd0_fold4_seed42.npz,histories/ds5/ds5_multi_w168_h64_lr0p001_wd0_fold4_seed42.csv,88.5521916289581
ds5_multi_w168_h8_lr0p001_wd0_fold4_seed42,ds5,multi,4,42.0,168,8.0,0.001,0.0,128.0,75.0,75,74,0.4672996909598575,0.6835932203875763,0.480359795013353,0.9779115798988646,0.639346961515557,0.7995917467780399,0.5035523655751293,1.025126778913079,0.8464440235890435,0.7155235393762417,-0.0163930430051773,0.3466267585754394,0.1159985263904636,335.75992015498923,97,models/ds5/ds5_multi_w168_h8_lr0p001_wd0_fold4_seed42.pt,completed,2026-09-25 05:18:53,0.2976878171187041,0.8847103423075455,0.7826284921534554,-0.0014484316503915,0.3363749980926513,0.0757709188619628,0.0360299186219509,predictions/ds5/ds5_multi_w168_h8_lr0p001_wd0_fold4_seed42.npz,histories/ds5/ds5_multi_w168_h8_lr0p001_wd0_fold4_seed42.csv,336.3558568310109
ds5_elman_w168_h64_lr0p01_wd0_fold2_seed42,ds5,elman,2,42.0,168,64.0,0.01,0.0,128.0,75.0,10,2,0.4520204318486783,0.6723246476581669,0.4837407375046049,1.0115964612066064,0.6275675274223095,0.7921915976721222,0.5414257571880983,1.1322271157127295,0.9077022365828592,0.8157899886789072,-0.1293284099063456,0.3627969920635223,0.1198669500139553,63.88064508698881,4289,models/ds5/ds5_elman_w168_h64_lr0p01_wd0_fold2_seed42.pt,completed,2026-09-25 09:12:49,0.3584688583178025,0.8608702232834585,0.7403808369591134,0.0197674168515901,0.356086254119873,0.1224074449855834,0.0582337987562242,predictions/ds5/ds5_elman_w168_h64_lr0p01_wd0_fold2_seed42.npz,histories/ds5/ds5_elman_w168_h64_lr0p01_wd0_fold2_seed42.csv,65.76771240698872
ds5_elman_w168_h64_lr0p01_wd0_fold1_seed42,ds5,elman,1,42.0,168,64.0,0.01,0.0,128.0,75.0,13,5,0.4753801922536868,0.6894782028851143,0.4881465867320682,0.971664548407494,0.3314644989338788,0.575729536270182,0.4081675900832229,0.8124649190888948,0.8506262315652617,0.7211134161561732,0.0041614592812608,0.2927936911582947,-0.1137486666149323,85.04050523601472,4289,models/ds5/ds5_elman_w168_h64_lr0p01_wd0_fold1_seed42.pt,completed,2026-09-25 09:13:10,0.1734800810591591,0.8671800622898832,0.7507005157967708,-0.0480253809118323,0.3407409191131592,0.477426064084284,0.227129431058175,predictions/ds5/ds5_elman_w168_h64_lr0p01_wd0_fold1_seed42.npz,histories/ds5/ds5_elman_w168_h64_lr0p01_wd0_fold1_seed42.csv,87.15017445397098
ds5_elman_w168_h64_lr0p0001_wd0_fold1_seed42,ds5,elman,1,42.0,168,64.0,0.0001,0.0,128.0,75.0,49,41,0.4381041045753939,0.6618943303695793,0.4747069877883711,0.9449127853237284,0.3174331896222824,0.5634120957365776,0.4084497116272161,0.8130264870893501,0.8571945677666233,0.7329190361648117,0.0445092843896882,0.3160790205001831,-0.0984822346330017,69.22498007799732,4289,models/ds5/ds5_elman_w168_h64_lr0p0001_wd0_fold1_seed42.pt,completed,2026-09-25 09:13:59,0.1661364512711224,0.8779219092525538,0.7702488890414717,0.0001060383290918,0.3451688885688782,0.1316228758660145,0.0626179238182752,predictions/ds5/ds5_elman_w168_h64_lr0p0001_wd0_fold1_seed42.npz,histories/ds5/ds5_elman_w168_h64_lr0p0001_wd0_fold1_seed42.csv,69.75778343901038
ds5_elman_w168_h64_lr0p01_wd0_fold4_seed42,ds5,elman,4,42.0,168,64.0,0.01,0.0,128.0,75.0,17,9,0.4938795116153349,0.702765616415128,0.512848789116432,1.044052343306809,0.6410860784021452,0.8006785112653799,0.5233316996865084,1.065393345913484,0.8513867673878606,0.7147497219558306,0.0218594563443831,0.3811755180358886,0.0979128948502519,207.5579912280081,4289,models/ds5/ds5_elman_w168_h64_lr0p01_wd0_fold4_seed42.pt,completed,2026-09-25 09:15:13,0.2984975832051682,0.88292350074808,0.7702644871991526,0.033957202518783,0.3929600715637207,0.2373356400057673,0.1128557489328423,predictions/ds5/ds5_elman_w168_h64_lr0p01_wd0_fold4_seed42.npz,histories/ds5/ds5_elman_w168_h64_lr0p01_wd0_fold4_seed42.csv,209.90996348200133
ds5_elman_w168_h64_lr0p0001_wd0_fold2_seed42,ds5,elman,2,42.0,168,64.0,0.0001,0.0,128.0,75.0,66,58,0.3987112548741292,0.6314358675860354,0.447972329083425,0.9367977258995271,0.6539813783290401,0.8086911513853976,0.5497555455687384,1.1496463318240775,0.9049987519248094,0.8080367261821237,-0.119228675890604,0.3582549691200256,0.1772552837993621,129.41804271296132,4289,models/ds5/ds5_elman_w168_h64_lr0p0001_wd0_fold2_seed42.pt,completed,2026-09-25 09:15:21,0.3735565531265157,0.8782790421788315,0.77099910758004,-0.0244118605115369,0.319338858127594,0.1371923231054097,0.0652675181281682,predictions/ds5/ds5_elman_w168_h64_lr0p0001_wd0_fold2_seed42.npz,histories/ds5/ds5_elman_w168_h64_lr0p0001_wd0_fold2_seed42.csv,130.15877341700252
ds5_jordan_w6_h64_lr0p01_wd0_fold1_seed42,ds5,jordan,1,42.0,6,64.0,0.01,0.0,128.0,75.0,9,1,0.4914857858543129,0.701060472323403,0.4922453534815992,0.979823217239684,0.3313984676744587,0.575672187685369,0.4044211859027053,0.8050076342790501,0.8512749769311095,0.7211689733347724,0.0202157706107331,0.291262149810791,-0.1253882846380339,1.7001644920092076,257,models/ds5/ds5_jordan_w6_h64_lr0p01_wd0_fold1_seed42.pt,completed,2026-09-25 09:15:22,0.1734455260177888,0.8624623091473578,0.7429411951406251,-0.0180513935216835,0.341839075088501,0.0048521743156015,0.0023083607590873,predictions/ds5/ds5_jordan_w6_h64_lr0p01_wd0_fold1_seed42.npz,histories/ds5/ds5_jordan_w6_h64_lr0p01_wd0_fold1_seed42.csv,1.7734251599758863
ds5_jordan_w6_h64_lr0p01_wd0_fold2_seed42,ds5,jordan,2,42.0,6,64.0,0.01,0.0,128.0,75.0,18,10,0.4430116075977117,0.66559117151425,0.4661192415411272,0.9747464678614608,0.635596685846503,0.7972431786139678,0.5344316501429147,1.1176010704209778,0.910250631504668,0.8134331883353734,-0.1661642252491498,0.3429294228553772,0.1316520070997178,2.907183457980864,257,models/ds5/ds5_jordan_w6_h64_lr0p01_wd0_fold2_seed42.pt,completed,2026-09-25 09:15:26,0.3630551454796323,0.8656042258017518,0.7470670435930169,-0.0616276510750526,0.3231197595596313,0.0155093030189163,0.0073783553848317,predictions/ds5/ds5_jordan_w6_h64_lr0p01_wd0_fold2_seed42.npz,histories/ds5/ds5_jordan_w6_h64_lr0p01_wd0_fold2_seed42.csv,3.241289847006556
ds5_jordan_w6_h64_lr0p01_wd0_fold3_seed42,ds5,jordan,3,42.0,6,64.0,0.01,0.0,128.0,75.0,10,2,0.4736838900760858,0.6882469688099511,0.4830601689694901,0.9912676878911112,0.4924598524747763,0.7017548378705888,0.5013244146400557,1.0287469870342376,0.871834247039771,0.7592642923348207,0.0233465849758044,0.3529911041259765,0.0135078690606377,3.586041018017568,257,models/ds5/ds5_jordan_w6_h64_lr0p01_wd0_fold3_seed42.pt,completed,2026-09-25 09:15:29,0.2270274769959424,0.8843005586611242,0.7817177923520247,0.0239230230091932,0.3400166034698486,0.0051712368731386,0.002458980919229,predictions/ds5/ds5_jordan_w6_h64_lr0p01_wd0_fold3_seed42.npz,histories/ds5/ds5_jordan_w6_h64_lr0p01_wd0_fold3_seed42.csv,3.709754864976276
ds5_jordan_w6_h64_lr0p01_wd0_fold4_seed42,ds5,jordan,4,42.0,6,64.0,0.01,0.0,128.0,75.0,11,3,0.4889614023660055,0.6992577510231871,0.504990307502045,1.0280541264474696,0.6305581892473732,0.7940769416419124,0.5178232755311829,1.0541793521021627,0.8527348430285915,0.7194340902642204,0.0354353039252208,0.3663944005966186,0.0948191906187253,4.63014096400002,257,models/ds5/ds5_jordan_w6_h64_lr0p01_wd0_fold4_seed42.pt,completed,2026-09-25 09:15:34,0.2935956681959412,0.8821963470238394,0.7724098444977854,0.0464062745799203,0.3777639865875244,0.0051504569710232,0.0024490998435678,predictions/ds5/ds5_jordan_w6_h64_lr0p01_wd0_fold4_seed42.npz,histories/ds5/ds5_jordan_w6_h64_lr0p01_wd0_fold4_seed42.csv,4.881338652980048
ds5_jordan_w6_h64_lr0p0001_wd0_fold1_seed42,ds5,jordan,1,42.0,6,64.0,0.0001,0.0,128.0,75.0,75,73,0.4840076018114879,0.6957065486334651,0.4938216810354164,0.9829609255477064,0.3274529253245563,0.5722350262999953,0.4085770017980508,0.8132798604606335,0.8529187533595836,0.7244886616601123,0.0563171110076069,0.304561972618103,-0.1234715223334698,14.416920194984414,257,models/ds5/ds5_jordan_w6_h64_lr0p0001_wd0_fold1_seed42.pt,completed,2026-09-25 09:15:49,0.1713805339315978,0.864237568587139,0.7468524640071815,-0.0036320524343422,0.3478070497512817,0.0046938580926507,0.0022330438119175,predictions/ds5/ds5_jordan_w6_h64_lr0p0001_wd0_fold1_seed42.npz,histories/ds5/ds5_jordan_w6_h64_lr0p0001_wd0_fold1_seed42.csv,14.488456438994035
ds5_elman_w168_h64_lr0p0001_wd0_fold3_seed42,ds5,elman,3,42.0,168,64.0,0.0001,0.0,128.0,75.0,47,39,0.444287698445557,0.666549096800496,0.4675807487022528,0.9595030131696722,0.4693239176148013,0.6850721988336713,0.4857454323734604,0.9967780052735412,0.8779224713123267,0.7705741394685968,-0.0141537724593339,0.3452863693237304,0.0185231020331753,110.97600930102637,4289,models/ds5/ds5_elman_w168_h64_lr0p0001_wd0_fold3_seed42.pt,completed,2026-09-25 09:15:51,0.216361651123562,0.8919235427506277,0.7954353423267196,-0.0065884626745015,0.3269836902618408,0.138193825026974,0.0657127080489653,predictions/ds5/ds5_elman_w168_h64_lr0p0001_wd0_fold3_seed42.npz,histories/ds5/ds5_elman_w168_h64_lr0p0001_wd0_fold3_seed42.csv,111.86014480498852
ds5_jordan_w6_h64_lr0p0001_wd0_fold3_seed42,ds5,jordan,3,42.0,6,64.0,0.0001,0.0,128.0,75.0,50,42,0.4775600822349325,0.6910572206662287,0.4804445708809653,0.9859003278059368,0.4918948289464521,0.701352143324915,0.4979491295045861,1.021820704746572,0.8717711939982343,0.759540500310466,-0.0190822253950538,0.3424804210662842,0.0102949226586863,10.565015339991078,257,models/ds5/ds5_jordan_w6_h64_lr0p0001_wd0_fold3_seed42.pt,completed,2026-09-25 09:16:01,0.2267669976126053,0.8833318979460872,0.7799315720489339,-0.0198960155795808,0.3300419449806213,0.0049540271866135,0.0023556952860739,predictions/ds5/ds5_jordan_w6_h64_lr0p0001_wd0_fold3_seed42.npz,histories/ds5/ds5_jordan_w6_h64_lr0p0001_wd0_fold3_seed42.csv,10.680796177999582
ds5_jordan_w6_h64_lr0p0001_wd0_fold2_seed42,ds5,jordan,2,42.0,6,64.0,0.0001,0.0,128.0,75.0,75,75,0.440223641743924,0.6634935129629558,0.4687903142770956,0.980332203189996,0.6292836186180133,0.7932739871053464,0.5366186379932654,1.1221744896073151,0.909803354976207,0.815286264115772,-0.1150674493283345,0.3535002470016479,0.1297804741423905,13.967370247002693,257,models/ds5/ds5_jordan_w6_h64_lr0p0001_wd0_fold2_seed42.pt,completed,2026-09-25 09:16:03,0.3594490969101663,0.8653039352865578,0.7486588042459354,-0.0054627787800647,0.3290385901927948,0.0049800961278378,0.0023692179485432,predictions/ds5/ds5_jordan_w6_h64_lr0p0001_wd0_fold2_seed42.npz,histories/ds5/ds5_jordan_w6_h64_lr0p0001_wd0_fold2_seed42.csv,14.063625350943768
ds5_jordan_w6_h64_lr0p0001_wd0_fold4_seed42,ds5,jordan,4,42.0,6,64.0,0.0001,0.0,128.0,75.0,75,75,0.4751679609485458,0.6893242785137819,0.4822967804037895,0.981854875035274,0.6158138550351073,0.7847380805307637,0.5034179173363882,1.024853070557536,0.8523122238333748,0.7259945594045076,-0.0192525991642979,0.3467134237289428,0.0954138020169818,14.984428035968447,257,models/ds5/ds5_jordan_w6_h64_lr0p0001_wd0_fold4_seed42.pt,completed,2026-09-25 09:16:16,0.2867305173343326,0.8825382264720051,0.7788300884309874,-0.0088020532890282,0.333280086517334,0.0091296189930289,0.0043412358502277,predictions/ds5/ds5_jordan_w6_h64_lr0p0001_wd0_fold4_seed42.npz,histories/ds5/ds5_jordan_w6_h64_lr0p0001_wd0_fold4_seed42.csv,15.123907115019392
ds5_multi_w168_h64_lr0p01_wd0_fold1_seed42,ds5,multi,1,42.0,168,64.0,0.01,0.0,128.0,75.0,20,12,0.4929960550401335,0.7021367780141797,0.499360896682599,0.9939868337823276,0.3407253091036576,0.5837168055689828,0.4156892268460325,0.8274368721600982,0.8456845625624553,0.7133215840891408,-0.0452061005142277,0.3034052848815918,-0.1184199724451969,123.16667587996926,4353,models/ds5/ds5_multi_w168_h64_lr0p01_wd0_fold1_seed42.pt,completed,2026-09-25 09:18:07,0.1783269524687704,0.8661764750183486,0.7414623826603517,-0.1221507028781039,0.3524957299232483,0.5532139199785888,0.2631845480392906,predictions/ds5/ds5_multi_w168_h64_lr0p01_wd0_fold1_seed42.npz,histories/ds5/ds5_multi_w168_h64_lr0p01_wd0_fold1_seed42.csv,124.3142408420099
ds5_elman_w168_h64_lr0p0001_wd0_fold4_seed42,ds5,elman,4,42.0,168,64.0,0.0001,0.0,128.0,75.0,75,74,0.4369167661694231,0.6609967973972515,0.4682300809699457,0.9532180315481328,0.5970405602816038,0.7726839976870259,0.490618948419492,0.9987970599493824,0.8575363473307881,0.7343477084256018,-0.0017379224158671,0.3479013442993164,0.1116872002897744,220.87037745205453,4289,models/ds5/ds5_elman_w168_h64_lr0p0001_wd0_fold4_seed42.pt,completed,2026-09-25 09:18:55,0.2779894392092455,0.8927059246028287,0.7967615684260272,0.0157300692002486,0.3328914642333984,0.126720180909615,0.0602568620587803,predictions/ds5/ds5_elman_w168_h64_lr0p0001_wd0_fold4_seed42.npz,histories/ds5/ds5_elman_w168_h64_lr0p0001_wd0_fold4_seed42.csv,221.8408722820459
ds5_multi_w168_h64_lr0p01_wd0_fold2_seed42,ds5,multi,2,42.0,168,64.0,0.01,0.0,128.0,75.0,24,16,0.4734257034618848,0.6880593749538515,0.5208695931918425,1.0892401577363051,0.6103015005447161,0.7812179596916062,0.5705880871508714,1.1932112493688287,0.9090407884157156,0.820858088712151,0.1029468793510596,0.4334691166877746,0.0931585847377547,224.02208767202683,4353,models/ds5/ds5_multi_w168_h64_lr0p01_wd0_fold2_seed42.pt,completed,2026-09-25 09:20:02,0.3486064340135917,0.866846870322449,0.7280866610561447,0.200036847204049,0.418261706829071,0.2131887850118801,0.101421876789667,predictions/ds5/ds5_multi_w168_h64_lr0p01_wd0_fold2_seed42.npz,histories/ds5/ds5_multi_w168_h64_lr0p01_wd0_fold2_seed42.csv,226.02920811396325
ds5_multi_w168_h64_lr0p01_wd0_fold3_seed42,ds5,multi,3,42.0,168,64.0,0.01,0.0,128.0,75.0,12,4,0.4959569448846864,0.7042421067251563,0.5157084464285043,1.0582638606028143,0.5166216187297626,0.7187639520244199,0.5323765379329324,1.0924677581470876,0.8699557345516085,0.7474529743794496,0.0383163094237142,0.4291222095489502,0.0145218452992635,150.21685798402177,4353,models/ds5/ds5_multi_w168_h64_lr0p01_wd0_fold3_seed42.pt,completed,2026-09-25 09:20:38,0.2381662249961922,0.8847896144309448,0.7716451231803481,0.0538422271834941,0.4000882506370544,0.1634482109802775,0.0777214507752151,predictions/ds5/ds5_multi_w168_h64_lr0p01_wd0_fold3_seed42.npz,histories/ds5/ds5_multi_w168_h64_lr0p01_wd0_fold3_seed42.csv,151.24344010499772
ds5_multi_w168_h64_lr0p0001_wd0_fold1_seed42,ds5,multi,1,42.0,168,64.0,0.0001,0.0,128.0,75.0,75,73,0.4288395044281966,0.6548583850178576,0.4692222973185894,0.9339954104340408,0.319219006240918,0.5649946957635248,0.40899889152692,0.8141196395434369,0.8556098768851889,0.7314164912535326,0.0260284743799015,0.3081010580062866,-0.0898636892543328,134.77350203302922,4353,models/ds5/ds5_multi_w168_h64_lr0p0001_wd0_fold1_seed42.pt,completed,2026-09-25 09:22:18,0.1670711065450245,0.8805183766787027,0.7751074424176563,-0.0110862108441388,0.3431810140609741,0.1533178721438162,0.0729390447877336,predictions/ds5/ds5_multi_w168_h64_lr0p0001_wd0_fold1_seed42.npz,histories/ds5/ds5_multi_w168_h64_lr0p0001_wd0_fold1_seed42.csv,135.41085698403185
ds5_multi_w168_h64_lr0p0001_wd0_fold2_seed42,ds5,multi,2,42.0,168,64.0,0.0001,0.0,128.0,75.0,60,52,0.4015950830382603,0.6337153012499069,0.4480663903274966,0.9369944263513652,0.6331264238368611,0.795692417858095,0.5434507384229909,1.1364617473912488,0.9086564888769596,0.8141582847957197,-0.1366289908777068,0.3654521703720093,0.161977116608188,164.71940805600025,4353,models/ds5/ds5_multi_w168_h64_lr0p0001_wd0_fold2_seed42.pt,completed,2026-09-25 09:23:24,0.3616441183153728,0.8775833436076772,0.7693427730394453,-0.0367068904385326,0.317512035369873,0.1554758210550062,0.0739656617768821,predictions/ds5/ds5_multi_w168_h64_lr0p0001_wd0_fold2_seed42.npz,histories/ds5/ds5_multi_w168_h64_lr0p0001_wd0_fold2_seed42.csv,165.52990125800716
ds5_multi_w168_h64_lr0p01_wd0_fold4_seed42,ds5,multi,4,42.0,168,64.0,0.01,0.0,128.0,75.0,23,15,0.5063419124722035,0.7115770601081822,0.5101846180554906,1.038628650986236,0.6415962384807018,0.800997027760217,0.5215796791707908,1.0618266003858057,0.8516876646996784,0.7145227270028003,-0.0354681123850519,0.3784303665161133,0.0894199676520347,356.5417424060288,4353,models/ds5/ds5_multi_w168_h64_lr0p01_wd0_fold4_seed42.pt,completed,2026-09-25 09:24:54,0.2987351097836134,0.8804121327714151,0.7644674132484268,-0.0317338332870048,0.3761215209960937,0.2391432259464636,0.1137152762465352,predictions/ds5/ds5_multi_w168_h64_lr0p01_wd0_fold4_seed42.npz,histories/ds5/ds5_multi_w168_h64_lr0p01_wd0_fold4_seed42.csv,359.2111384199816
ds5_multi_w168_h64_lr0p0001_wd0_fold3_seed42,ds5,multi,3,42.0,168,64.0,0.0001,0.0,128.0,75.0,75,74,0.4391976259588502,0.6627198698989266,0.4636559894262471,0.9514491778444476,0.4791115361222035,0.6921788324719296,0.4904471811543064,1.0064262684556966,0.8761260981573901,0.7657895275740526,-0.0086046762257828,0.3437647819519043,0.0294589625730029,218.23275350098265,4353,models/ds5/ds5_multi_w168_h64_lr0p0001_wd0_fold3_seed42.pt,completed,2026-09-25 09:25:57,0.2208738084413072,0.8933238472426791,0.7977789789824686,-0.010152018841706,0.3248339891433716,0.1488841039245017,0.0707960551233959,predictions/ds5/ds5_multi_w168_h64_lr0p0001_wd0_fold3_seed42.npz,histories/ds5/ds5_multi_w168_h64_lr0p0001_wd0_fold3_seed42.csv,219.1418713759631
ds5_elman_w168_h64_lr0p01_wd0_fold3_seed42,ds5,elman,3,42.0,168,64.0,0.01,0.0,128.0,75.0,17,9,0.4672957803388582,0.6835903600394452,0.4740641583201549,0.9728073484770088,0.4950161404842267,0.7035738344226757,0.4977328961540617,1.0213769812785896,0.8717962988381711,0.758014668025634,-0.0619310725602545,0.3353137969970703,0.0199834743832305,858.077868642984,4289,models/ds5/ds5_elman_w168_h64_lr0p01_wd0_fold3_seed42.pt,completed,2026-09-25 09:26:03,0.2282059431869644,0.8868511983330221,0.784841665273114,-0.0580442125335864,0.3233360052108764,0.1305790829937905,0.0620918131211557,predictions/ds5/ds5_elman_w168_h64_lr0p01_wd0_fold3_seed42.npz,histories/ds5/ds5_elman_w168_h64_lr0p01_wd0_fold3_seed42.csv,859.9726804270176
ds5_multi_w168_h64_lr0p0001_wd0_fold4_seed42,ds5,multi,4,42.0,168,64.0,0.0001,0.0,128.0,75.0,75,73,0.4376954455730665,0.6615855542354795,0.4699962980445774,0.9568136782859066,0.5958188390444737,0.7718930230572587,0.4949329091546879,1.0075793772914483,0.858033670725713,0.7348913114366864,0.000116941025299,0.3462691307067871,0.1103074688217792,232.8454286329797,4353,models/ds5/ds5_multi_w168_h64_lr0p0001_wd0_fold4_seed42.pt,completed,2026-09-25 09:27:18,0.2774205865374758,0.8926057251177565,0.7963993539427449,0.0195515758385298,0.3391090631484985,0.1446375880041159,0.0687767893505068,predictions/ds5/ds5_multi_w168_h64_lr0p0001_wd0_fold4_seed42.npz,histories/ds5/ds5_multi_w168_h64_lr0p0001_wd0_fold4_seed42.csv,233.9266562539852
ds5_elman_w168_h64_lr0p001_wd1em05_fold1_seed42,ds5,elman,1,42.0,168,64.0,0.001,1e-05,128.0,75.0,17,9,0.4504644434948802,0.6711664797163818,0.4762214778889273,0.9479274050703828,0.3181974328194962,0.5640899155449388,0.4000778742113304,0.7963621943478902,0.8559636587551696,0.7322760195667074,-0.0090783342761612,0.2874338626861572,-0.1070765641714429,24.42477151699132,4289,models/ds5/ds5_elman_w168_h64_lr0p001_wd1em05_fold1_seed42.pt,completed,2026-09-25 12:28:09,0.1665364396107072,0.8746496585754403,0.7637668644064178,-0.0481997104241769,0.3361951112747192,0.1224725898937322,0.0582647906249915,predictions/ds5/ds5_elman_w168_h64_lr0p001_wd1em05_fold1_seed42.npz,histories/ds5/ds5_elman_w168_h64_lr0p001_wd1em05_fold1_seed42.csv,26.072034534008708
ds5_elman_w168_h64_lr0p001_wd1em05_fold4_seed42,ds5,elman,4,42.0,168,64.0,0.001,1e-05,128.0,75.0,17,9,0.4629324300129318,0.6803913800254466,0.487961438281732,0.9933869278684035,0.6010986077795379,0.7753054931957711,0.4910824125401474,0.9997405754874468,0.857779168083527,0.7325420863475383,-0.0338113548298761,0.350486159324646,0.0949141131703245,44.55524757894455,4289,models/ds5/ds5_elman_w168_h64_lr0p001_wd1em05_fold4_seed42.pt,completed,2026-09-25 12:28:31,0.2798789265152391,0.887078449184556,0.7846599895320276,-0.014740008788192,0.3589483499526977,0.1822053921059705,0.086640700002839,predictions/ds5/ds5_elman_w168_h64_lr0p001_wd1em05_fold4_seed42.npz,histories/ds5/ds5_elman_w168_h64_lr0p001_wd1em05_fold4_seed42.csv,47.86125207896112
ds5_elman_w168_h64_lr0p001_wd1em05_fold2_seed42,ds5,elman,2,42.0,168,64.0,0.001,1e-05,128.0,75.0,18,10,0.4101975290131275,0.6404666494151959,0.4547248359779464,0.9509185380395346,0.6138852883594516,0.7835083205425782,0.5348399511753775,1.1184549077092678,0.9111260815255252,0.8198061388181908,-0.1012024574910426,0.3572707176208496,0.1430416711273823,47.688536847010255,4289,models/ds5/ds5_elman_w168_h64_lr0p001_wd1em05_fold2_seed42.pt,completed,2026-09-25 12:28:34,0.350653517484438,0.8745124851783354,0.7644019348234261,-0.0021005432944082,0.3242071866989136,0.4878203171538189,0.2320743659152326,predictions/ds5/ds5_elman_w168_h64_lr0p001_wd1em05_fold2_seed42.npz,histories/ds5/ds5_elman_w168_h64_lr0p001_wd1em05_fold2_seed42.csv,51.283061149995774
ds5_elman_w168_h64_lr0p001_wd0p0001_fold1_seed42,ds5,elman,1,42.0,168,64.0,0.001,0.0001,128.0,75.0,12,4,0.4615571769326965,0.679379994504325,0.4804683250730289,0.9563808306672328,0.3195957086822045,0.5653279655936053,0.4005270295773768,0.7972562461712084,0.855065526333155,0.7310995425084514,-0.006593576734345,0.2903317809104919,-0.1140520289107196,25.221121624985244,4289,models/ds5/ds5_elman_w168_h64_lr0p001_wd0p0001_fold1_seed42.pt,completed,2026-09-25 12:28:36,0.1672682616962465,0.8716844272758061,0.7579495990480501,-0.0500338356387049,0.3356425166130066,0.4807135961600579,0.2286934329971731,predictions/ds5/ds5_elman_w168_h64_lr0p001_wd0p0001_fold1_seed42.npz,histories/ds5/ds5_elman_w168_h64_lr0p001_wd0p0001_fold1_seed42.csv,27.15421038400381
ds5_elman_w168_h64_lr0p001_wd0p0001_fold2_seed42,ds5,elman,2,42.0,168,64.0,0.001,0.0001,128.0,75.0,14,6,0.4376226931625512,0.6615305685775611,0.4640926501004702,0.9705084689278674,0.60594958793772,0.7784276382154734,0.5267728284128953,1.101584976760836,0.9101574499419586,0.8221355064171364,-0.1258251337524145,0.345024824142456,0.1168970696379123,26.03148481401149,4289,models/ds5/ds5_elman_w168_h64_lr0p001_wd0p0001_fold2_seed42.pt,completed,2026-09-25 12:28:58,0.3461206181632349,0.8661726533787066,0.7486502172879765,-0.0470421054160879,0.3251330852508545,0.1520112440339289,0.0723174329371688,predictions/ds5/ds5_elman_w168_h64_lr0p001_wd0p0001_fold2_seed42.npz,histories/ds5/ds5_elman_w168_h64_lr0p001_wd0p0001_fold2_seed42.csv,26.92720216698945
ds5_elman_w168_h64_lr0p001_wd1em05_fold3_seed42,ds5,elman,3,42.0,168,64.0,0.001,1e-05,128.0,75.0,27,19,0.4572029558677603,0.6761678459286277,0.4790384287508759,0.9830148420058684,0.4996422291357597,0.7068537537113032,0.507791711951912,1.042018258948261,0.8719501838061292,0.7557532355054963,0.0688015198741591,0.3686435222625732,0.0306859077826755,74.33748973201727,4289,models/ds5/ds5_elman_w168_h64_lr0p001_wd1em05_fold3_seed42.pt,completed,2026-09-25 12:29:00,0.2303386015717438,0.8898802976668747,0.7894887333555981,0.0620802159725791,0.3433690071105957,0.3877499559894204,0.1843794369897386,predictions/ds5/ds5_elman_w168_h64_lr0p001_wd1em05_fold3_seed42.npz,histories/ds5/ds5_elman_w168_h64_lr0p001_wd1em05_fold3_seed42.csv,76.79594616498798
ds5_jordan_w6_h64_lr0p001_wd1em05_fold1_seed42,ds5,jordan,1,42.0,6,64.0,0.001,1e-05,128.0,75.0,43,35,0.4856714924649068,0.6969013505977061,0.4957868535178048,0.9868726366700272,0.3241764117326194,0.5693649196540119,0.4078020852707773,0.8117373751949525,0.8534971989026059,0.7272454446203153,0.0272090129348689,0.3044266104698181,-0.1275364309436941,5.862779738032259,257,models/ds5/ds5_jordan_w6_h64_lr0p001_wd1em05_fold1_seed42.pt,completed,2026-09-25 12:29:04,0.1696656818734703,0.8653676270557369,0.7459822094543646,-0.051725919331823,0.3505205512046814,0.00487073516706,0.0023171908501712,predictions/ds5/ds5_jordan_w6_h64_lr0p001_wd1em05_fold1_seed42.npz,histories/ds5/ds5_jordan_w6_h64_lr0p001_wd1em05_fold1_seed42.csv,5.93830269400496
ds5_jordan_w6_h64_lr0p001_wd1em05_fold2_seed42,ds5,jordan,2,42.0,6,64.0,0.001,1e-05,128.0,75.0,32,24,0.4394711543483335,0.6629262058090127,0.465184611682612,0.9727919740921552,0.6087630391957392,0.7802326827272357,0.5256568870864291,1.0992513252627405,0.9108443584433952,0.8213096735538272,-0.1308234923516535,0.3380600214004516,0.1173064769182229,7.795778209983837,257,models/ds5/ds5_jordan_w6_h64_lr0p001_wd1em05_fold2_seed42.pt,completed,2026-09-25 12:29:08,0.3477276753063547,0.8661092955889729,0.7490884292452844,-0.0411912157562793,0.3219005465507507,0.0159137549926526,0.0075707683123942,predictions/ds5/ds5_jordan_w6_h64_lr0p001_wd1em05_fold2_seed42.npz,histories/ds5/ds5_jordan_w6_h64_lr0p001_wd1em05_fold2_seed42.csv,8.128443896013778
ds5_jordan_w6_h64_lr0p001_wd1em05_fold3_seed42,ds5,jordan,3,42.0,6,64.0,0.001,1e-05,128.0,75.0,32,24,0.4810689057768944,0.6935913103383681,0.4842521973115383,0.9937137996892408,0.5095240589196987,0.713809539667059,0.5052273676500851,1.036756074627721,0.8712866529627431,0.7509225690580518,0.0534584582900638,0.3554054498672485,0.0202182293286908,10.284133005014157,257,models/ds5/ds5_jordan_w6_h64_lr0p001_wd1em05_fold3_seed42.pt,completed,2026-09-25 12:29:14,0.2348942015208463,0.8848717668103483,0.7783146419294326,0.0521769930712304,0.3357325792312622,0.0145131901372224,0.0069011840880753,predictions/ds5/ds5_jordan_w6_h64_lr0p001_wd1em05_fold3_seed42.npz,histories/ds5/ds5_jordan_w6_h64_lr0p001_wd1em05_fold3_seed42.csv,10.599649679032154
ds5_jordan_w6_h64_lr0p001_wd1em05_fold4_seed42,ds5,jordan,4,42.0,6,64.0,0.001,1e-05,128.0,75.0,54,46,0.4809299781432654,0.6934911521737429,0.4964737506099799,1.0107162066380353,0.6097692830275797,0.7808772522154681,0.5099338823083578,1.038118205705092,0.8566116831717299,0.728684082549516,0.0101952211549607,0.3552181720733642,0.0873861000417252,11.740330822998658,257,models/ds5/ds5_jordan_w6_h64_lr0p001_wd1em05_fold4_seed42.pt,completed,2026-09-25 12:29:20,0.2839160879282967,0.8829675870499856,0.7761481213411372,0.0205650424100274,0.3630965948104858,0.0046682980610057,0.0022198278939637,predictions/ds5/ds5_jordan_w6_h64_lr0p001_wd1em05_fold4_seed42.npz,histories/ds5/ds5_jordan_w6_h64_lr0p001_wd1em05_fold4_seed42.csv,11.870018729008734
ds5_jordan_w6_h64_lr0p001_wd0p0001_fold2_seed42,ds5,jordan,2,42.0,6,64.0,0.001,0.0001,128.0,75.0,32,24,0.4395235919134682,0.6629657547064314,0.4651775004507132,0.9727771031158948,0.6087982882342968,0.7802552711993024,0.5256574879250676,1.099252581733807,0.9108585731819748,0.8212993268970803,-0.1311291971170369,0.3376933932304382,0.117289516492871,4.9232408159878105,257,models/ds5/ds5_jordan_w6_h64_lr0p001_wd0p0001_fold2_seed42.pt,completed,2026-09-25 12:29:25,0.3477478074982096,0.866101737311967,0.7490584905525981,-0.0414973380301903,0.3218938112258911,0.0058063110336661,0.0027622792738659,predictions/ds5/ds5_jordan_w6_h64_lr0p001_wd0p0001_fold2_seed42.npz,histories/ds5/ds5_jordan_w6_h64_lr0p001_wd0p0001_fold2_seed42.csv,5.027834486041684
ds5_jordan_w6_h64_lr0p001_wd0p0001_fold1_seed42,ds5,jordan,1,42.0,6,64.0,0.001,0.0001,128.0,75.0,43,35,0.485772399322912,0.6969737436395377,0.4959322474896908,0.9871620459824624,0.3242592152033505,0.5694376306526909,0.4079657078469854,0.8120630688716918,0.8534927255991115,0.7271757756899867,0.0278795444885965,0.3053919672966003,-0.1275361129868467,10.61543550604256,257,models/ds5/ds5_jordan_w6_h64_lr0p001_wd0p0001_fold1_seed42.pt,completed,2026-09-25 12:29:25,0.1697090209721384,0.8653587223447538,0.7459294327575252,-0.0513483383187225,0.3502895832061767,0.0055355030926875,0.0026334458100321,predictions/ds5/ds5_jordan_w6_h64_lr0p001_wd0p0001_fold1_seed42.npz,histories/ds5/ds5_jordan_w6_h64_lr0p001_wd0p0001_fold1_seed42.csv,10.69993100699503
ds5_jordan_w6_h64_lr0p001_wd0p0001_fold3_seed42,ds5,jordan,3,42.0,6,64.0,0.001,0.0001,128.0,75.0,31,23,0.4812914414201566,0.6937517145349311,0.4842909192586616,0.9937932593869372,0.5097556041386794,0.7139717110212976,0.5052901945168554,1.036884999028782,0.8712928925890339,0.7508093797252204,0.0532875669268954,0.3551383018493652,0.0202199964863665,5.9022191960248165,257,models/ds5/ds5_jordan_w6_h64_lr0p001_wd0p0001_fold3_seed42.pt,completed,2026-09-25 12:29:31,0.2350009393533297,0.8848542039722836,0.7782120934313533,0.0519191425875808,0.3352518081665039,0.0044350521638989,0.0021089168634802,predictions/ds5/ds5_jordan_w6_h64_lr0p001_wd0p0001_fold3_seed42.npz,histories/ds5/ds5_jordan_w6_h64_lr0p001_wd0p0001_fold3_seed42.csv,6.008471239008941
ds5_jordan_w6_h64_lr0p001_wd0p0001_fold4_seed42,ds5,jordan,4,42.0,6,64.0,0.001,0.0001,128.0,75.0,48,40,0.4810819044065039,0.6936006808002021,0.4965137626718912,1.010797662786291,0.610368215821485,0.7812606580530502,0.5099444370070243,1.0381396928531743,0.8564786717499284,0.7284175883114613,0.009618514841418,0.3560810089111328,0.0876599772528481,11.374349760997577,257,models/ds5/ds5_jordan_w6_h64_lr0p001_wd0p0001_fold4_seed42.pt,completed,2026-09-25 12:29:37,0.2841949567191668,0.882944810275289,0.7760774063077869,0.0200542031322026,0.3625929355621338,0.0048554930253885,0.0023088411913402,predictions/ds5/ds5_jordan_w6_h64_lr0p001_wd0p0001_fold4_seed42.npz,histories/ds5/ds5_jordan_w6_h64_lr0p001_wd0p0001_fold4_seed42.csv,11.5074941960047
ds5_elman_w168_h64_lr0p001_wd0p0001_fold4_seed42,ds5,elman,4,42.0,168,64.0,0.001,0.0001,128.0,75.0,20,12,0.468616353498169,0.6845555883185594,0.4915136199953608,1.0006184232344262,0.5967493495849325,0.7724955336990192,0.4934236235806786,1.0045067890866906,0.8578200523335904,0.734477282183313,-0.0164093988258046,0.3570814132690429,0.0879399453804598,63.96005173999583,4289,models/ds5/ds5_elman_w168_h64_lr0p001_wd0p0001_fold4_seed42.pt,completed,2026-09-25 12:29:41,0.2778538537490271,0.8845046850070363,0.7820160266911096,-0.0022655109792833,0.3654179573059082,0.1416487871319987,0.0673555811374221,predictions/ds5/ds5_elman_w168_h64_lr0p001_wd0p0001_fold4_seed42.npz,histories/ds5/ds5_elman_w168_h64_lr0p001_wd0p0001_fold4_seed42.csv,65.0114920650376
ds5_multi_w168_h64_lr0p001_wd1em05_fold1_seed42,ds5,multi,1,42.0,168,64.0,0.001,1e-05,128.0,75.0,15,7,0.4461154183597123,0.667918721372378,0.4732758819991151,0.942064143546368,0.3198056074415796,0.5655135784767503,0.4046373719493056,0.8054379564876887,0.8552220704239513,0.7309229385338374,-0.0195329254519701,0.3000953197479248,-0.1024051428956276,31.86547966301441,4353,models/ds5/ds5_multi_w168_h64_lr0p001_wd1em05_fold1_seed42.pt,completed,2026-09-25 12:30:04,0.1673781202590318,0.876644574927134,0.7660475856915101,-0.063867400743892,0.3327221870422363,0.1675897359382361,0.0797287040619581,predictions/ds5/ds5_multi_w168_h64_lr0p001_wd1em05_fold1_seed42.npz,histories/ds5/ds5_multi_w168_h64_lr0p001_wd1em05_fold1_seed42.csv,32.55354755697772
ds5_elman_w168_h64_lr0p001_wd0p0001_fold3_seed42,ds5,elman,3,42.0,168,64.0,0.001,0.0001,128.0,75.0,14,6,0.4728426635910112,0.6876355601559675,0.4769201103866013,0.9786679289667513,0.5095223605133401,0.7138083499885246,0.5032874798695359,1.0327753115706149,0.8705758003110954,0.7509233993126494,-0.0291435420371439,0.3469375371932983,0.0261727898325571,91.16492938500596,4289,models/ds5/ds5_elman_w168_h64_lr0p001_wd0p0001_fold3_seed42.pt,completed,2026-09-25 12:30:09,0.2348934142747154,0.8860877438047793,0.7822876979280798,-0.0311050301047188,0.3285648226737976,0.5395489219808951,0.2565615415981431,predictions/ds5/ds5_elman_w168_h64_lr0p001_wd0p0001_fold3_seed42.npz,histories/ds5/ds5_elman_w168_h64_lr0p001_wd0p0001_fold3_seed42.csv,94.56913085200358
ds5_multi_w168_h64_lr0p001_wd1em05_fold2_seed42,ds5,multi,2,42.0,168,64.0,0.001,1e-05,128.0,75.0,17,9,0.4244214499889264,0.6514763618036548,0.4673218116836143,0.9772612771511808,0.6119409417523148,0.7822665413734087,0.5392710098644079,1.12772111777118,0.9102022316106576,0.8203768632340698,-0.0669192049641704,0.3662019968032837,0.1307901795697539,47.33604269701755,4353,models/ds5/ds5_multi_w168_h64_lr0p001_wd1em05_fold2_seed42.pt,completed,2026-09-25 12:30:25,0.3495428999983391,0.8701466208358593,0.7562323871687023,0.0295787454916248,0.3371831178665161,0.1623930041678249,0.0772564244375951,predictions/ds5/ds5_multi_w168_h64_lr0p001_wd1em05_fold2_seed42.npz,histories/ds5/ds5_multi_w168_h64_lr0p001_wd1em05_fold2_seed42.csv,48.202141166024376
ds5_multi_w168_h64_lr0p001_wd0p0001_fold1_seed42,ds5,multi,1,42.0,168,64.0,0.001,0.0001,128.0,75.0,15,7,0.4460339591169211,0.6678577386816156,0.4731772754200244,0.941867865379632,0.319438477993088,0.5651888870042369,0.4046597987214913,0.8054825973805276,0.8554141900030088,0.7312318327835915,-0.0189021936379422,0.3005825281143188,-0.1026688516773787,58.775651553005446,4353,models/ds5/ds5_multi_w168_h64_lr0p001_wd0p0001_fold1_seed42.pt,completed,2026-09-25 12:31:10,0.1671859725785187,0.8766012152988018,0.7660903046510763,-0.0627855155651251,0.3335759043693542,0.6926598490099423,0.3295241907754245,predictions/ds5/ds5_multi_w168_h64_lr0p001_wd0p0001_fold1_seed42.npz,histories/ds5/ds5_multi_w168_h64_lr0p001_wd0p0001_fold1_seed42.csv,61.35981253295904
ds5_multi_w168_h64_lr0p001_wd1em05_fold3_seed42,ds5,multi,3,42.0,168,64.0,0.001,1e-05,128.0,75.0,24,16,0.4508270039413292,0.6714365226447911,0.4813174482475942,0.9876915231571836,0.4932556120838916,0.7023215873685584,0.5074897489828889,1.0413986132946549,0.8720415490512147,0.7588752905681406,0.0559709090819202,0.3686374425888061,0.0308850647237672,90.83222917403327,4353,models/ds5/ds5_multi_w168_h64_lr0p001_wd1em05_fold3_seed42.pt,completed,2026-09-25 12:31:13,0.2273943246232856,0.8914958190488399,0.792424431165227,0.0657674959279076,0.3540462255477905,0.1672336427727714,0.0795214658929013,predictions/ds5/ds5_multi_w168_h64_lr0p001_wd1em05_fold3_seed42.npz,histories/ds5/ds5_multi_w168_h64_lr0p001_wd1em05_fold3_seed42.csv,91.87218032800592
ds5_multi_w168_h64_lr0p001_wd0p0001_fold2_seed42,ds5,multi,2,42.0,168,64.0,0.001,0.0001,128.0,75.0,20,12,0.4077942476523228,0.6385876976988539,0.4581856949496964,0.9581558708029844,0.6178162649183294,0.7860128910637085,0.540436832197046,1.1301590802057186,0.9097631221885768,0.8186522785485427,-0.0926460581206912,0.3695179224014282,0.1474251933648546,50.4008171359892,4353,models/ds5/ds5_multi_w168_h64_lr0p001_wd0p0001_fold2_seed42.pt,completed,2026-09-25 12:31:16,0.352898909181328,0.8752868115146127,0.7657822660020237,0.0122400636777321,0.3337488770484924,0.1593283818801865,0.0757984690200696,predictions/ds5/ds5_multi_w168_h64_lr0p001_wd0p0001_fold2_seed42.npz,histories/ds5/ds5_multi_w168_h64_lr0p001_wd0p0001_fold2_seed42.csv,51.23032915900694
ds5_multi_w168_h64_lr0p001_wd1em05_fold4_seed42,ds5,multi,4,42.0,168,64.0,0.001,1e-05,128.0,75.0,25,17,0.4603197189286631,0.6784686572927766,0.4891409856504762,0.9957882383921168,0.5921575255003653,0.7695177226681431,0.5004380963498277,1.0187867813321811,0.8584578561342883,0.7365204073438489,-0.0223184706651195,0.3686110973358154,0.0910490653753665,100.1083982719574,4353,models/ds5/ds5_multi_w168_h64_lr0p001_wd1em05_fold4_seed42.pt,completed,2026-09-25 12:31:45,0.2757158426800853,0.8866576457934111,0.7858753315468883,-0.009495989968798,0.362356424331665,0.1612675289507024,0.0766845121020933,predictions/ds5/ds5_multi_w168_h64_lr0p001_wd1em05_fold4_seed42.npz,histories/ds5/ds5_multi_w168_h64_lr0p001_wd1em05_fold4_seed42.csv,101.24738104996504
ds5_multi_w168_h64_lr0p001_wd0p0001_fold3_seed42,ds5,multi,3,42.0,168,64.0,0.001,0.0001,128.0,75.0,16,8,0.4632603403685951,0.6806323092306118,0.4893617199877193,1.004198838727442,0.493416441702879,0.7024360765955,0.5083649097257606,1.0431944942673506,0.8722330232135415,0.7587966700837583,0.0637960754799037,0.3765690326690674,0.0218037673648882,62.90782810602104,4353,models/ds5/ds5_multi_w168_h64_lr0p001_wd0p0001_fold3_seed42.pt,completed,2026-09-25 12:32:14,0.2274684717810499,0.8886927106016488,0.7866997144582843,0.0715351627837867,0.3626196980476379,0.147699182969518,0.070232611968387,predictions/ds5/ds5_multi_w168_h64_lr0p001_wd0p0001_fold3_seed42.npz,histories/ds5/ds5_multi_w168_h64_lr0p001_wd0p0001_fold3_seed42.csv,63.85382271598792
ds5_multi_w168_h64_lr0p001_wd0p0001_fold4_seed42,ds5,multi,4,42.0,168,64.0,0.001,0.0001,128.0,75.0,26,18,0.4582473782637687,0.6769397153837029,0.48686014370697006,0.9911449235859479,0.5920654962178974,0.7694579236175929,0.4961002775447118,1.0099558939742832,0.8585484654048287,0.7365613556334727,-0.01929661460110986,0.3605078458786011,0.09251820823389001,75.38991891703336,4353,models/ds5/ds5_multi_w168_h64_lr0p001_wd0p0001_fold4_seed42.pt,completed,2026-09-25 12:32:30,0.2756729778991786,0.8872057618737959,0.7868393121011542,-0.0038882402929157436,0.36077237129211426,0.14778883621329442,0.07027524308763405,predictions/ds5/ds5_multi_w168_h64_lr0p001_wd0p0001_fold4_seed42.npz,histories/ds5/ds5_multi_w168_h64_lr0p001_wd0p0001_fold4_seed42.csv,76.44034539203858
